,UserID,ItemID, Rating,mood
0,1001,715,2,active
1,1001,267,4,sad
2,1001,294,2,happy
3,1001,259,4,happy
4,1001,674,2,active
5,1001,674,2,happy
6,1001,259,4,active
7,1001,715,2,happy
8,1001,285,4,lazy
9,1001,279,2,sad
10,1001,754,2,lazy
11,1001,694,4,sad
12,1001,251,2,sad
13,1001,279,2,sad
14,1001,267,4,sad
15,1001,285,4,sad
16,1001,279,4,sad
17,1001,285,4,happy
18,1001,754,2,happy
19,1001,715,3,sad
20,1001,694,0,lazy
21,1001,294,2,lazy
22,1001,251,3,active
23,1001,251,2,sad
24,1001,294,4,happy
25,1001,674,3,active
26,1001,267,4,sad
27,1001,694,4,active
28,1001,754,2,lazy
29,1001,259,4,happy
30,1001,259,1,lazy
31,1001,694,5,sad
32,1001,267,4,happy
33,1001,251,2,active
34,1001,715,1,lazy
35,1001,285,4,sad
36,1001,674,4,active
37,1001,294,2,sad
38,1001,279,4,lazy
39,1001,754,2,active
40,1002,279,1,active
41,1002,250,1,happy
42,1002,702,3,happy
43,1002,714,1,happy
44,1002,762,3,happy
45,1002,275,3,sad
46,1002,295,5,active
47,1002,757,1,active
48,1002,727,1,sad
49,1002,715,5,happy
50,1002,256,1,active
51,1002,702,4,sad
52,1002,726,4,lazy
53,1002,730,3,sad
54,1002,715,3,lazy
55,1002,251,3,lazy
56,1002,762,1,active
57,1002,718,1,happy
58,1002,256,1,happy
59,1002,745,2,active
60,1002,263,5,active
61,1002,757,1,sad
62,1002,295,2,lazy
63,1002,732,1,active
64,1002,718,1,lazy
65,1002,683,3,happy
66,1002,751,3,active
67,1002,250,1,active
68,1002,718,2,sad
69,1002,757,1,sad
70,1002,732,1,happy
71,1002,751,1,sad
72,1002,719,1,active
73,1002,716,1,happy
74,1002,745,5,happy
75,1002,714,1,lazy
76,1002,295,4,happy
77,1002,737,1,lazy
78,1002,275,2,lazy
79,1002,273,2,active
80,1002,676,2,sad
81,1002,251,3,lazy
82,1002,683,4,lazy
83,1002,737,1,happy
84,1002,730,3,sad
85,1002,716,2,lazy
86,1002,727,2,happy
87,1002,714,3,happy
88,1002,250,2,lazy
89,1002,279,1,sad
90,1002,760,4,sad
91,1002,748,1,active
92,1002,702,3,sad
93,1002,676,1,sad
94,1002,748,1,sad
95,1002,744,1,sad
96,1002,760,5,sad
97,1002,279,1,lazy
98,1002,744,2,lazy
99,1002,273,1,happy
100,1002,676,1,happy
101,1002,716,1,active
102,1002,263,5,active
103,1002,715,4,sad
104,1002,751,2,sad
105,1002,273,1,active
106,1002,743,2,sad
107,1002,256,1,lazy
108,1002,748,1,sad
109,1002,719,1,lazy
110,1002,737,1,lazy
111,1002,726,3,lazy
112,1002,690,1,happy
113,1002,744,1,active
114,1002,732,1,active
115,1002,251,3,happy
116,1002,743,1,happy
117,1002,263,5,lazy
118,1002,745,4,happy
119,1002,719,1,active
120,1002,683,4,sad
121,1002,727,1,lazy
122,1002,743,1,sad
123,1002,275,1,lazy
124,1002,726,4,sad
125,1002,690,1,sad
126,1002,760,5,happy
127,1002,730,1,lazy
128,1002,762,1,sad
129,1002,690,1,sad
130,1002,714,1,active
131,1002,256,1,active
132,1002,748,1,happy
133,1002,719,1,sad
134,1002,715,4,active
135,1002,745,3,lazy
136,1002,762,3,lazy
137,1002,279,1,happy
138,1002,273,1,active
139,1002,250,1,sad
140,1002,718,1,sad
141,1002,251,2,happy
142,1002,743,1,sad
143,1002,275,2,happy
144,1002,744,2,active
145,1002,751,2,sad
146,1002,760,4,sad
147,1002,730,2,sad
148,1002,690,1,sad
149,1002,263,4,sad
150,1002,727,1,sad
151,1002,716,1,lazy
152,1002,683,4,sad
153,1002,737,1,active
154,1002,732,1,happy
155,1002,757,1,sad
156,1002,702,3,happy
157,1002,676,2,active
158,1002,726,3,happy
159,1002,295,4,active
160,1003,736,1,active
161,1003,269,1,active
162,1003,757,3,active
163,1003,296,2,sad
164,1003,711,1,happy
165,1003,269,2,lazy
166,1003,757,3,sad
167,1003,741,1,sad
168,1003,759,1,lazy
169,1003,762,2,active
170,1003,257,1,sad
171,1003,257,2,happy
172,1003,739,2,happy
173,1003,257,1,lazy
174,1003,296,2,happy
175,1003,736,1,sad
176,1003,757,2,sad
177,1003,271,2,sad
178,1003,739,2,happy
179,1003,296,2,sad
180,1003,271,3,happy
181,1003,676,3,sad
182,1003,759,2,sad
183,1003,676,2,sad
184,1003,741,2,sad
185,1003,759,1,lazy
186,1003,736,1,active
187,1003,271,1,active
188,1003,762,1,sad
189,1003,711,1,lazy
190,1003,739,1,lazy
191,1003,711,1,active
192,1003,269,2,happy
193,1003,762,1,lazy
194,1003,676,2,sad
195,1003,741,1,lazy
196,1003,711,1,lazy
197,1003,757,3,active
198,1003,269,2,happy
199,1003,759,2,active
200,1003,762,2,happy
201,1003,741,1,active
202,1003,676,3,lazy
203,1003,296,2,sad
204,1003,736,2,happy
205,1003,257,2,sad
206,1003,271,2,lazy
207,1003,739,2,lazy
208,1004,266,5,happy
209,1004,741,1,sad
210,1004,741,1,sad
211,1004,741,1,sad
212,1004,266,4,sad
213,1004,256,1,active
214,1004,735,1,lazy
215,1004,701,1,sad
216,1004,256,1,lazy
217,1004,701,3,happy
218,1004,256,1,active
219,1004,735,2,active
220,1004,701,3,active
221,1004,735,1,happy
222,1004,266,3,active
223,1004,256,1,happy
224,1004,266,4,active
225,1004,741,1,sad
226,1004,735,2,lazy
227,1004,701,3,sad
228,1005,747,2,happy
229,1005,269,2,active
230,1005,747,1,happy
231,1005,273,3,active
232,1005,732,3,happy
233,1005,748,2,lazy
234,1005,279,2,lazy
235,1005,264,1,lazy
236,1005,700,1,lazy
237,1005,721,1,lazy
238,1005,279,1,active
239,1005,708,1,active
240,1005,758,2,sad
241,1005,250,1,sad
242,1005,263,5,happy
243,1005,269,2,active
244,1005,279,2,lazy
245,1005,676,4,active
246,1005,708,5,lazy
247,1005,273,4,sad
248,1005,251,1,active
249,1005,250,3,sad
250,1005,700,1,happy
251,1005,687,2,active
252,1005,287,5,lazy
253,1005,262,4,sad
254,1005,732,3,happy
255,1005,700,3,active
256,1005,264,4,happy
257,1005,262,1,sad
258,1005,708,5,active
259,1005,262,2,happy
260,1005,250,1,lazy
261,1005,748,3,active
262,1005,687,2,active
263,1005,287,5,lazy
264,1005,264,2,lazy
265,1005,287,5,sad
266,1005,748,4,sad
267,1005,707,3,lazy
268,1005,758,4,lazy
269,1005,263,5,happy
270,1005,737,2,happy
271,1005,677,3,active
272,1005,732,4,active
273,1005,721,2,active
274,1005,677,2,active
275,1005,707,2,active
276,1005,747,1,happy
277,1005,721,3,lazy
278,1005,269,1,sad
279,1005,758,3,happy
280,1005,251,1,sad
281,1005,251,1,sad
282,1005,737,3,lazy
283,1005,707,4,active
284,1005,676,4,happy
285,1005,677,4,sad
286,1005,263,4,happy
287,1005,273,2,active
288,1005,687,2,happy
289,1005,676,3,happy
290,1005,737,2,happy
291,1005,732,3,sad
292,1005,273,3,active
293,1005,269,3,happy
294,1005,687,3,happy
295,1005,748,4,active
296,1005,707,4,happy
297,1005,287,5,lazy
298,1005,700,0,active
299,1005,279,2,lazy
300,1005,708,5,active
301,1005,677,5,happy
302,1005,263,5,sad
303,1005,250,1,lazy
304,1005,758,4,sad
305,1005,676,4,sad
306,1005,251,1,active
307,1005,737,3,happy
308,1005,264,3,active
309,1005,747,2,active
310,1005,262,2,lazy
311,1005,721,3,happy
312,1006,679,3,happy
313,1006,270,2,lazy
314,1006,282,1,sad
315,1006,678,1,happy
316,1006,701,3,lazy
317,1006,736,4,happy
318,1006,286,2,sad
319,1006,696,2,happy
320,1006,743,2,lazy
321,1006,271,1,sad
322,1006,261,1,sad
323,1006,272,1,sad
324,1006,250,3,lazy
325,1006,699,1,lazy
326,1006,697,2,happy
327,1006,253,3,sad
328,1006,727,1,active
329,1006,714,3,active
330,1006,276,2,happy
331,1006,256,4,lazy
332,1006,268,2,lazy
333,1006,691,3,lazy
334,1006,251,1,active
335,1006,260,3,lazy
336,1006,267,3,lazy
337,1006,256,4,active
338,1006,264,4,active
339,1006,758,1,lazy
340,1006,708,3,sad
341,1006,681,3,active
342,1006,689,4,sad
343,1006,272,1,happy
344,1006,709,2,happy
345,1006,295,3,active
346,1006,251,1,happy
347,1006,727,1,lazy
348,1006,678,1,happy
349,1006,693,1,lazy
350,1006,285,1,lazy
351,1006,714,2,sad
352,1006,252,3,active
353,1006,716,1,active
354,1006,754,5,sad
355,1006,711,1,happy
356,1006,735,2,happy
357,1006,725,4,happy
358,1006,694,1,active
359,1006,689,2,sad
360,1006,719,3,lazy
361,1006,253,2,active
362,1006,682,1,sad
363,1006,280,1,lazy
364,1006,260,3,active
365,1006,683,2,happy
366,1006,680,3,sad
367,1006,734,1,lazy
368,1006,729,1,happy
369,1006,696,4,happy
370,1006,287,1,happy
371,1006,694,1,happy
372,1006,249,4,sad
373,1006,692,1,active
374,1006,699,1,sad
375,1006,251,1,active
376,1006,723,1,lazy
377,1006,267,2,happy
378,1006,686,4,happy
379,1006,675,2,sad
380,1006,754,4,active
381,1006,266,5,lazy
382,1006,248,4,lazy
383,1006,297,2,lazy
384,1006,760,4,lazy
385,1006,752,1,sad
386,1006,272,1,sad
387,1006,728,1,sad
388,1006,683,5,active
389,1006,268,1,lazy
390,1006,254,1,sad
391,1006,269,2,happy
392,1006,715,1,happy
393,1006,248,2,lazy
394,1006,745,4,active
395,1006,252,4,happy
396,1006,264,5,happy
397,1006,269,4,active
398,1006,741,3,active
399,1006,756,1,lazy
400,1006,271,1,lazy
401,1006,278,1,lazy
402,1006,297,3,sad
403,1006,691,2,happy
404,1006,293,4,active
405,1006,279,1,happy
406,1006,282,1,happy
407,1006,273,5,happy
408,1006,674,2,happy
409,1006,729,1,happy
410,1006,735,2,lazy
411,1006,287,1,happy
412,1006,710,1,active
413,1006,703,4,happy
414,1006,752,1,sad
415,1006,761,1,lazy
416,1006,712,2,happy
417,1006,709,1,happy
418,1006,714,1,lazy
419,1006,282,1,sad
420,1006,693,1,happy
421,1006,273,5,lazy
422,1006,748,1,happy
423,1006,681,3,happy
424,1006,743,2,lazy
425,1006,754,4,lazy
426,1006,263,4,lazy
427,1006,718,1,sad
428,1006,250,4,sad
429,1006,732,2,lazy
430,1006,277,4,happy
431,1006,280,2,sad
432,1006,676,4,active
433,1006,276,1,lazy
434,1006,273,4,active
435,1006,758,1,lazy
436,1006,708,2,active
437,1006,734,1,sad
438,1006,736,3,active
439,1006,759,4,lazy
440,1006,695,4,lazy
441,1006,743,2,active
442,1006,756,1,lazy
443,1006,263,3,happy
444,1006,748,1,active
445,1006,753,3,active
446,1006,270,4,active
447,1006,296,3,active
448,1006,717,1,active
449,1006,278,1,happy
450,1006,287,2,active
451,1006,297,3,happy
452,1006,261,3,active
453,1006,691,2,lazy
454,1006,761,1,active
455,1006,730,2,active
456,1006,687,3,lazy
457,1006,728,1,sad
458,1006,294,2,sad
459,1006,280,1,happy
460,1006,678,1,happy
461,1006,753,4,happy
462,1006,715,3,active
463,1006,278,3,active
464,1006,723,1,lazy
465,1006,264,5,lazy
466,1006,291,3,active
467,1006,674,2,sad
468,1006,681,3,active
469,1006,694,1,sad
470,1006,712,3,happy
471,1006,295,4,active
472,1006,757,1,happy
473,1006,675,3,happy
474,1006,256,2,active
475,1006,268,2,happy
476,1006,758,1,sad
477,1006,254,2,active
478,1006,695,3,lazy
479,1006,732,2,lazy
480,1006,705,1,active
481,1006,723,1,active
482,1006,693,1,happy
483,1006,291,4,sad
484,1006,286,4,happy
485,1006,269,4,sad
486,1006,740,1,sad
487,1006,266,4,active
488,1006,719,4,active
489,1006,752,1,lazy
490,1006,739,3,active
491,1006,296,2,sad
492,1006,710,1,sad
493,1006,717,1,sad
494,1006,293,2,sad
495,1006,724,1,sad
496,1006,294,1,sad
497,1006,252,2,sad
498,1006,741,4,lazy
499,1006,696,4,lazy
500,1006,735,4,lazy
501,1006,740,1,lazy
502,1006,715,1,lazy
503,1006,703,2,lazy
504,1006,248,5,lazy
505,1006,760,2,lazy
506,1006,705,1,lazy
507,1006,279,1,lazy
508,1006,697,2,lazy
509,1006,748,1,happy
510,1006,733,1,happy
511,1006,293,4,happy
512,1006,692,1,happy
513,1006,682,1,happy
514,1006,285,1,happy
515,1006,733,1,active
516,1006,679,4,active
517,1006,710,2,active
518,1006,271,1,active
519,1006,249,2,active
520,1006,718,1,active
521,1006,250,2,active
522,1006,728,1,active
523,1006,277,2,active
524,1006,253,3,active
525,1006,704,1,active
526,1006,739,2,active
527,1006,259,1,active
528,1006,254,2,happy
529,1006,734,1,active
530,1006,736,3,lazy
531,1006,695,4,happy
532,1006,674,3,active
533,1006,712,2,active
534,1006,279,1,lazy
535,1006,732,3,happy
536,1006,686,2,active
537,1006,729,1,lazy
538,1006,286,4,sad
539,1006,711,2,active
540,1006,266,4,active
541,1006,261,4,active
542,1006,761,1,active
543,1006,699,1,sad
544,1006,277,2,sad
545,1006,687,2,lazy
546,1006,697,3,happy
547,1006,262,2,active
548,1006,757,1,sad
549,1006,267,3,happy
550,1006,745,3,lazy
551,1006,759,2,happy
552,1006,753,4,happy
553,1006,249,4,sad
554,1006,724,2,happy
555,1006,262,3,happy
556,1006,260,2,active
557,1006,686,3,lazy
558,1006,259,2,happy
559,1006,276,1,sad
560,1006,680,3,sad
561,1006,711,2,happy
562,1006,270,2,sad
563,1006,725,2,sad
564,1006,718,1,active
565,1006,692,2,sad
566,1006,709,3,active
567,1006,745,2,lazy
568,1006,704,1,sad
569,1006,676,2,sad
570,1006,683,3,active
571,1006,741,4,sad
572,1006,680,0,sad
573,1006,716,1,lazy
574,1006,701,2,active
575,1006,756,1,lazy
576,1006,725,3,sad
577,1006,740,1,lazy
578,1006,296,1,lazy
579,1006,703,3,sad
580,1006,263,4,sad
581,1006,689,4,active
582,1006,717,3,sad
583,1006,760,4,lazy
584,1006,719,3,sad
585,1006,730,1,active
586,1006,687,4,sad
587,1006,262,2,lazy
588,1006,682,1,active
589,1006,295,2,active
590,1006,757,1,lazy
591,1006,294,1,happy
592,1006,676,4,lazy
593,1006,291,5,lazy
594,1006,708,4,sad
595,1006,716,2,happy
596,1006,701,2,happy
597,1006,679,4,active
598,1006,759,2,active
599,1006,733,2,active
600,1006,730,3,active
601,1006,724,1,sad
602,1006,705,1,sad
603,1006,727,1,lazy
604,1006,739,4,lazy
605,1006,259,1,lazy
606,1006,285,2,lazy
607,1006,704,1,active
608,1006,675,4,lazy
609,1006,269,4,sad
610,1006,679,2,sad
611,1006,256,3,sad
612,1006,264,4,sad
613,1006,680,3,happy
614,1006,268,2,active
615,1006,291,4,happy
616,1006,758,1,lazy
617,1006,708,3,sad
618,1006,254,2,lazy
619,1006,734,1,sad
620,1006,716,2,lazy
621,1006,759,3,happy
622,1006,741,3,lazy
623,1006,695,3,lazy
624,1006,681,3,lazy
625,1006,743,2,lazy
626,1006,273,4,sad
627,1006,733,2,happy
628,1006,729,2,active
629,1006,736,3,sad
630,1006,263,4,active
631,1006,748,1,lazy
632,1006,286,3,lazy
633,1006,701,3,lazy
634,1006,696,4,sad
635,1006,754,4,sad
636,1006,711,2,sad
637,1006,753,4,lazy
638,1006,735,3,sad
639,1006,270,4,happy
640,1006,725,2,happy
641,1006,740,1,active
642,1006,296,2,happy
643,1006,715,2,sad
644,1006,756,1,sad
645,1006,266,4,sad
646,1006,674,2,lazy
647,1006,271,1,active
648,1006,710,2,lazy
649,1006,689,4,happy
650,1006,248,4,active
651,1006,717,2,active
652,1006,703,3,sad
653,1006,287,2,sad
654,1006,278,1,lazy
655,1006,694,1,sad
656,1006,297,3,lazy
657,1006,261,4,happy
658,1006,760,3,sad
659,1006,249,4,happy
660,1006,719,3,lazy
661,1006,691,2,active
662,1006,718,1,active
663,1006,752,1,active
664,1006,761,1,lazy
665,1006,272,1,active
666,1006,730,2,sad
667,1006,293,3,active
668,1006,712,2,active
669,1006,692,1,active
670,1006,250,4,happy
671,1006,699,1,happy
672,1006,727,1,active
673,1006,697,1,sad
674,1006,687,2,sad
675,1006,253,3,active
676,1006,732,3,lazy
677,1006,682,1,active
678,1006,724,2,sad
679,1006,277,3,active
680,1006,262,3,happy
681,1006,728,1,sad
682,1006,705,1,happy
683,1006,709,2,active
684,1006,295,3,active
685,1006,723,1,lazy
686,1006,279,1,active
687,1006,251,1,sad
688,1006,259,2,lazy
689,1006,704,1,happy
690,1006,714,2,lazy
691,1006,294,2,happy
692,1006,260,3,lazy
693,1006,693,1,happy
694,1006,686,4,sad
695,1006,757,1,happy
696,1006,267,3,happy
697,1006,280,2,sad
698,1006,678,1,lazy
699,1006,745,4,lazy
700,1006,282,1,happy
701,1006,285,2,sad
702,1006,739,3,happy
703,1006,276,1,happy
704,1006,252,4,lazy
705,1006,675,2,happy
706,1006,683,4,sad
707,1006,676,2,sad
708,1007,739,4,sad
709,1007,686,1,sad
710,1007,714,2,lazy
711,1007,256,1,sad
712,1007,266,5,active
713,1007,266,4,sad
714,1007,714,1,lazy
715,1007,256,1,happy
716,1007,260,4,happy
717,1007,256,1,sad
718,1007,714,4,active
719,1007,266,4,lazy
720,1007,686,2,lazy
721,1007,260,3,active
722,1007,686,1,happy
723,1007,739,2,active
724,1007,260,4,active
725,1007,739,3,happy
726,1007,266,3,happy
727,1007,714,3,sad
728,1007,686,1,lazy
729,1007,260,5,active
730,1007,739,3,lazy
731,1007,256,1,happy
732,1008,295,2,lazy
733,1008,693,2,sad
734,1008,291,2,active
735,1008,711,1,happy
736,1008,761,1,happy
737,1008,750,0,sad
738,1008,684,1,active
739,1008,264,1,sad
740,1008,693,1,lazy
741,1008,285,1,lazy
742,1008,281,2,sad
743,1008,283,2,sad
744,1008,261,1,happy
745,1008,711,1,active
746,1008,255,3,happy
747,1008,750,1,lazy
748,1008,274,1,happy
749,1008,689,5,sad
750,1008,691,1,lazy
751,1008,727,2,active
752,1008,270,1,active
753,1008,255,0,lazy
754,1008,759,0,active
755,1008,264,2,active
756,1008,291,3,happy
757,1008,273,1,happy
758,1008,750,0,active
759,1008,281,4,active
760,1008,295,0,active
761,1008,270,2,sad
762,1008,761,2,lazy
763,1008,721,1,sad
764,1008,691,1,active
765,1008,283,4,happy
766,1008,721,1,happy
767,1008,739,1,active
768,1008,255,0,sad
769,1008,264,2,active
770,1008,739,1,happy
771,1008,701,1,sad
772,1008,281,1,sad
773,1008,295,1,lazy
774,1008,273,2,happy
775,1008,291,3,happy
776,1008,261,3,happy
777,1008,684,3,happy
778,1008,746,4,happy
779,1008,701,1,happy
780,1008,273,0,active
781,1008,727,1,active
782,1008,285,1,active
783,1008,691,1,lazy
784,1008,721,1,lazy
785,1008,695,1,sad
786,1008,746,3,sad
787,1008,727,2,happy
788,1008,689,4,active
789,1008,711,1,active
790,1008,274,1,happy
791,1008,746,4,lazy
792,1008,695,1,happy
793,1008,701,1,sad
794,1008,759,2,sad
795,1008,270,1,sad
796,1008,693,1,sad
797,1008,283,3,active
798,1008,684,1,sad
799,1008,761,1,active
800,1008,285,1,sad
801,1008,695,1,happy
802,1008,759,0,sad
803,1008,739,1,sad
804,1008,261,3,active
805,1008,689,4,lazy
806,1008,274,2,happy
807,1008,750,0,lazy
808,1008,759,1,happy
809,1008,255,3,lazy
810,1008,295,3,sad
811,1008,273,0,lazy
812,1008,746,3,sad
813,1008,261,2,happy
814,1008,285,1,sad
815,1008,684,2,active
816,1008,689,4,lazy
817,1008,701,1,happy
818,1008,270,2,lazy
819,1008,761,1,active
820,1008,739,1,lazy
821,1008,283,4,sad
822,1008,727,2,active
823,1008,274,1,sad
824,1008,291,3,happy
825,1008,691,1,lazy
826,1008,281,3,lazy
827,1008,695,1,happy
828,1008,711,1,sad
829,1008,721,1,lazy
830,1008,693,1,active
831,1008,264,2,sad
832,1009,286,3,happy
833,1009,276,4,happy
834,1009,277,4,active
835,1009,262,5,happy
836,1009,743,2,lazy
837,1009,706,3,lazy
838,1009,679,2,sad
839,1009,762,1,active
840,1009,754,2,happy
841,1009,701,1,lazy
842,1009,292,3,active
843,1009,282,1,happy
844,1009,293,1,happy
845,1009,251,5,happy
846,1009,684,2,happy
847,1009,740,2,happy
848,1009,676,1,happy
849,1009,283,2,lazy
850,1009,251,4,active
851,1009,741,2,active
852,1009,291,3,happy
853,1009,288,2,active
854,1009,263,3,active
855,1009,250,4,sad
856,1009,270,1,active
857,1009,249,4,lazy
858,1009,273,5,sad
859,1009,713,1,lazy
860,1009,684,3,sad
861,1009,741,2,sad
862,1009,288,3,lazy
863,1009,281,1,sad
864,1009,249,5,lazy
865,1009,724,2,active
866,1009,715,1,lazy
867,1009,273,4,happy
868,1009,714,1,happy
869,1009,680,1,active
870,1009,752,1,lazy
871,1009,707,1,active
872,1009,692,1,active
873,1009,739,1,lazy
874,1009,283,2,happy
875,1009,724,3,lazy
876,1009,676,1,active
877,1009,740,1,lazy
878,1009,714,1,active
879,1009,253,5,lazy
880,1009,292,3,active
881,1009,267,3,lazy
882,1009,286,2,sad
883,1009,274,4,lazy
884,1009,751,2,happy
885,1009,278,1,sad
886,1009,285,2,active
887,1009,267,2,active
888,1009,266,2,sad
889,1009,268,1,happy
890,1009,271,1,lazy
891,1009,270,1,happy
892,1009,249,4,active
893,1009,253,4,sad
894,1009,689,1,active
895,1009,274,4,lazy
896,1009,267,3,sad
897,1009,254,5,sad
898,1009,749,3,happy
899,1009,269,2,lazy
900,1009,678,2,happy
901,1009,255,4,lazy
902,1009,273,5,happy
903,1009,732,1,sad
904,1009,286,1,sad
905,1009,274,3,sad
906,1009,274,4,active
907,1009,262,3,lazy
908,1009,269,2,happy
909,1009,715,1,lazy
910,1009,255,3,lazy
911,1009,684,3,lazy
912,1009,690,2,sad
913,1009,291,3,active
914,1009,271,1,sad
915,1009,270,1,happy
916,1009,751,3,lazy
917,1009,715,1,active
918,1009,706,3,sad
919,1009,697,2,lazy
920,1009,759,1,happy
921,1009,725,1,sad
922,1009,716,1,lazy
923,1009,292,3,sad
924,1009,272,2,happy
925,1009,293,1,sad
926,1009,293,1,active
927,1009,274,5,sad
928,1009,724,2,happy
929,1009,690,2,active
930,1009,743,1,lazy
931,1009,296,1,lazy
932,1009,707,1,happy
933,1009,692,2,happy
934,1009,282,2,happy
935,1009,284,2,active
936,1009,294,3,happy
937,1009,263,4,happy
938,1009,679,3,active
939,1009,255,4,active
940,1009,296,1,happy
941,1009,253,5,active
942,1009,752,2,sad
943,1009,263,3,lazy
944,1009,271,2,happy
945,1009,717,1,happy
946,1009,740,1,sad
947,1009,278,1,lazy
948,1009,733,3,active
949,1009,748,1,lazy
950,1009,293,2,lazy
951,1009,691,1,sad
952,1009,713,1,lazy
953,1009,296,1,active
954,1009,731,1,happy
955,1009,739,1,active
956,1009,272,2,sad
957,1009,268,2,active
958,1009,691,1,lazy
959,1009,754,2,active
960,1009,690,2,happy
961,1009,748,1,lazy
962,1009,289,4,sad
963,1009,276,5,sad
964,1009,277,3,sad
965,1009,717,1,sad
966,1009,676,1,sad
967,1009,739,1,sad
968,1009,291,3,lazy
969,1009,254,5,lazy
970,1009,281,1,lazy
971,1009,713,1,lazy
972,1009,697,2,lazy
973,1009,716,1,lazy
974,1009,283,3,happy
975,1009,254,5,happy
976,1009,728,1,happy
977,1009,678,3,happy
978,1009,751,2,happy
979,1009,701,1,happy
980,1009,293,3,active
981,1009,686,1,active
982,1009,748,1,active
983,1009,731,1,active
984,1009,294,1,lazy
985,1009,272,2,happy
986,1009,259,2,happy
987,1009,267,3,sad
988,1009,266,0,lazy
989,1009,250,3,active
990,1009,717,1,lazy
991,1009,743,1,sad
992,1009,714,1,active
993,1009,762,1,happy
994,1009,733,3,active
995,1009,251,4,lazy
996,1009,686,1,sad
997,1009,293,1,sad
998,1009,266,2,sad
999,1009,749,3,happy
1000,1009,762,1,lazy
1001,1009,706,3,sad
1002,1009,716,1,lazy
1003,1009,692,1,lazy
1004,1009,284,1,sad
1005,1009,291,4,active
1006,1009,250,4,sad
1007,1009,728,1,active
1008,1009,678,2,happy
1009,1009,731,1,sad
1010,1009,759,1,sad
1011,1009,278,1,happy
1012,1009,689,1,lazy
1013,1009,285,1,happy
1014,1009,267,4,happy
1015,1009,282,2,happy
1016,1009,289,4,happy
1017,1009,259,3,active
1018,1009,276,4,active
1019,1009,288,3,active
1020,1009,274,5,lazy
1021,1009,262,5,active
1022,1009,281,1,sad
1023,1009,725,1,happy
1024,1009,733,3,active
1025,1009,741,2,lazy
1026,1009,707,1,lazy
1027,1009,285,2,lazy
1028,1009,284,3,sad
1029,1009,289,3,sad
1030,1009,267,4,active
1031,1009,269,2,lazy
1032,1009,697,3,happy
1033,1009,759,1,active
1034,1009,680,3,lazy
1035,1009,689,2,sad
1036,1009,732,1,happy
1037,1009,291,3,happy
1038,1009,291,3,active
1039,1009,294,2,lazy
1040,1009,259,3,happy
1041,1009,268,3,sad
1042,1009,277,3,happy
1043,1009,728,1,active
1044,1009,749,4,active
1045,1009,691,1,lazy
1046,1009,686,1,active
1047,1009,701,1,happy
1048,1009,680,2,happy
1049,1009,754,3,happy
1050,1009,725,1,lazy
1051,1009,679,2,active
1052,1009,752,2,active
1053,1009,732,1,lazy
1054,1009,292,2,sad
1055,1009,267,3,sad
1056,1009,282,1,lazy
1057,1009,284,2,happy
1058,1009,291,3,sad
1059,1009,289,3,lazy
1060,1009,291,3,lazy
1061,1009,286,2,happy
1062,1009,294,2,happy
1063,1009,272,2,sad
1064,1009,274,4,active
1065,1009,293,2,active
1066,1009,259,2,sad
1067,1009,293,2,lazy
1068,1009,276,4,sad
1069,1009,267,3,active
1070,1009,288,2,happy
1071,1009,263,3,lazy
1072,1009,266,2,active
1073,1009,283,2,sad
1074,1009,268,2,active
1075,1009,254,5,active
1076,1009,274,4,happy
1077,1009,277,4,active
1078,1009,271,2,active
1079,1009,262,4,sad
1080,1009,281,1,sad
1081,1009,250,4,active
1082,1009,728,1,sad
1083,1009,749,3,lazy
1084,1009,269,2,active
1085,1009,270,1,happy
1086,1009,249,4,sad
1087,1009,717,1,lazy
1088,1009,691,1,sad
1089,1009,678,2,sad
1090,1009,724,2,sad
1091,1009,731,1,active
1092,1009,706,3,lazy
1093,1009,748,1,happy
1094,1009,740,1,active
1095,1009,754,2,sad
1096,1009,679,2,lazy
1097,1009,701,1,lazy
1098,1009,680,2,happy
1099,1009,251,4,happy
1100,1009,686,1,lazy
1101,1009,690,2,sad
1102,1009,676,1,lazy
1103,1009,743,2,lazy
1104,1009,715,1,happy
1105,1009,273,5,sad
1106,1009,713,1,active
1107,1009,759,1,lazy
1108,1009,725,2,lazy
1109,1009,762,1,active
1110,1009,278,1,happy
1111,1009,296,2,active
1112,1009,684,2,happy
1113,1009,253,5,happy
1114,1009,733,3,sad
1115,1009,751,2,sad
1116,1009,714,1,active
1117,1009,255,4,sad
1118,1009,697,2,happy
1119,1009,741,2,sad
1120,1009,752,1,happy
1121,1009,716,1,lazy
1122,1009,689,2,active
1123,1009,707,1,sad
1124,1009,692,2,active
1125,1009,739,1,sad
1126,1009,285,2,sad
1127,1009,732,1,happy
1128,1010,734,2,happy
1129,1010,286,1,lazy
1130,1010,740,1,happy
1131,1010,249,2,active
1132,1010,731,1,sad
1133,1010,249,3,happy
1134,1010,730,2,sad
1135,1010,729,3,lazy
1136,1010,257,3,lazy
1137,1010,730,2,lazy
1138,1010,730,2,sad
1139,1010,713,3,active
1140,1010,729,4,lazy
1141,1010,257,3,active
1142,1010,734,2,sad
1143,1010,731,1,sad
1144,1010,734,2,active
1145,1010,257,4,lazy
1146,1010,740,3,active
1147,1010,249,2,active
1148,1010,713,1,active
1149,1010,286,3,happy
1150,1010,755,3,sad
1151,1010,731,1,happy
1152,1010,755,1,lazy
1153,1010,286,2,lazy
1154,1010,713,4,happy
1155,1010,755,2,happy
1156,1010,740,2,happy
1157,1010,729,3,sad
1158,1010,729,2,sad
1159,1010,286,2,lazy
1160,1010,713,2,lazy
1161,1010,257,0,sad
1162,1010,740,1,sad
1163,1010,249,3,lazy
1164,1010,730,3,active
1165,1010,755,1,lazy
1166,1010,734,1,active
1167,1010,731,1,active
1168,1011,694,2,lazy
1169,1011,686,4,happy
1170,1011,694,4,lazy
1171,1011,263,3,happy
1172,1011,248,4,lazy
1173,1011,252,1,sad
1174,1011,686,4,lazy
1175,1011,263,3,happy
1176,1011,248,4,happy
1177,1011,252,3,active
1178,1011,248,3,sad
1179,1011,686,3,lazy
1180,1011,252,4,active
1181,1011,694,2,happy
1182,1011,263,4,lazy
1183,1011,252,4,lazy
1184,1011,686,2,sad
1185,1011,694,2,lazy
1186,1011,263,3,sad
1187,1011,248,4,lazy
1188,1012,677,5,active
1189,1012,750,5,sad
1190,1012,733,1,sad
1191,1012,679,1,sad
1192,1012,254,3,sad
1193,1012,758,1,active
1194,1012,762,1,active
1195,1012,249,1,happy
1196,1012,295,3,happy
1197,1012,271,1,lazy
1198,1012,698,1,sad
1199,1012,263,2,happy
1200,1012,743,1,happy
1201,1012,253,3,lazy
1202,1012,292,4,lazy
1203,1012,277,3,lazy
1204,1012,274,3,happy
1205,1012,709,1,happy
1206,1012,263,3,happy
1207,1012,746,5,active
1208,1012,706,3,happy
1209,1012,286,4,happy
1210,1012,747,1,sad
1211,1012,293,1,active
1212,1012,280,1,lazy
1213,1012,690,1,happy
1214,1012,283,3,happy
1215,1012,716,1,happy
1216,1012,733,1,active
1217,1012,293,1,happy
1218,1012,744,1,happy
1219,1012,754,1,happy
1220,1012,266,1,sad
1221,1012,707,3,happy
1222,1012,693,1,active
1223,1012,295,3,happy
1224,1012,708,2,lazy
1225,1012,674,1,happy
1226,1012,756,2,happy
1227,1012,718,1,active
1228,1012,273,3,happy
1229,1012,267,1,happy
1230,1012,707,3,sad
1231,1012,701,1,lazy
1232,1012,253,2,lazy
1233,1012,762,1,happy
1234,1012,286,5,lazy
1235,1012,720,4,sad
1236,1012,721,1,happy
1237,1012,254,4,happy
1238,1012,282,1,sad
1239,1012,280,1,lazy
1240,1012,698,1,sad
1241,1012,729,1,lazy
1242,1012,674,1,happy
1243,1012,719,3,lazy
1244,1012,251,1,active
1245,1012,265,3,active
1246,1012,282,1,lazy
1247,1012,280,1,happy
1248,1012,762,1,sad
1249,1012,249,1,happy
1250,1012,746,5,active
1251,1012,251,1,happy
1252,1012,271,2,lazy
1253,1012,719,3,happy
1254,1012,677,5,happy
1255,1012,272,3,sad
1256,1012,290,4,lazy
1257,1012,273,3,happy
1258,1012,271,2,sad
1259,1012,759,1,lazy
1260,1012,713,1,happy
1261,1012,731,1,happy
1262,1012,757,1,sad
1263,1012,255,3,active
1264,1012,258,4,lazy
1265,1012,722,1,active
1266,1012,272,3,lazy
1267,1012,283,4,sad
1268,1012,713,1,lazy
1269,1012,752,3,happy
1270,1012,759,1,happy
1271,1012,255,3,active
1272,1012,256,1,happy
1273,1012,719,3,active
1274,1012,740,1,lazy
1275,1012,274,3,lazy
1276,1012,686,1,active
1277,1012,759,1,lazy
1278,1012,263,3,lazy
1279,1012,283,2,happy
1280,1012,275,1,active
1281,1012,720,5,lazy
1282,1012,746,5,happy
1283,1012,682,1,sad
1284,1012,760,3,happy
1285,1012,721,1,happy
1286,1012,708,3,lazy
1287,1012,295,3,lazy
1288,1012,279,1,happy
1289,1012,284,1,sad
1290,1012,736,2,active
1291,1012,682,1,lazy
1292,1012,760,2,active
1293,1012,258,3,happy
1294,1012,277,2,lazy
1295,1012,722,1,sad
1296,1012,756,1,happy
1297,1012,265,2,sad
1298,1012,266,1,happy
1299,1012,279,1,happy
1300,1012,725,2,sad
1301,1012,686,1,lazy
1302,1012,720,3,active
1303,1012,747,1,active
1304,1012,728,1,lazy
1305,1012,691,1,sad
1306,1012,290,4,happy
1307,1012,750,5,sad
1308,1012,718,1,sad
1309,1012,686,1,sad
1310,1012,254,2,sad
1311,1012,707,2,sad
1312,1012,716,1,sad
1313,1012,736,3,sad
1314,1012,267,3,sad
1315,1012,747,1,lazy
1316,1012,731,1,lazy
1317,1012,760,2,lazy
1318,1012,679,1,lazy
1319,1012,741,1,lazy
1320,1012,754,1,lazy
1321,1012,752,3,lazy
1322,1012,693,1,lazy
1323,1012,255,2,happy
1324,1012,253,3,happy
1325,1012,744,1,happy
1326,1012,722,1,happy
1327,1012,713,1,happy
1328,1012,290,5,happy
1329,1012,706,3,active
1330,1012,677,4,active
1331,1012,709,1,active
1332,1012,275,1,active
1333,1012,758,1,active
1334,1012,676,1,active
1335,1012,249,1,active
1336,1012,744,1,lazy
1337,1012,756,2,lazy
1338,1012,267,1,lazy
1339,1012,691,1,happy
1340,1012,690,1,sad
1341,1012,725,3,sad
1342,1012,709,1,active
1343,1012,682,1,sad
1344,1012,256,2,sad
1345,1012,293,1,lazy
1346,1012,292,3,lazy
1347,1012,750,5,happy
1348,1012,718,1,happy
1349,1012,251,1,sad
1350,1012,279,1,active
1351,1012,736,3,active
1352,1012,676,1,active
1353,1012,273,4,active
1354,1012,693,1,active
1355,1012,743,1,sad
1356,1012,691,1,active
1357,1012,706,2,sad
1358,1012,757,1,sad
1359,1012,729,1,lazy
1360,1012,731,1,sad
1361,1012,256,1,lazy
1362,1012,292,3,active
1363,1012,272,2,sad
1364,1012,690,1,lazy
1365,1012,282,1,happy
1366,1012,741,1,active
1367,1012,284,1,active
1368,1012,284,1,sad
1369,1012,728,1,lazy
1370,1012,266,1,happy
1371,1012,733,0,sad
1372,1012,701,1,happy
1373,1012,741,1,sad
1374,1012,754,1,happy
1375,1012,286,4,happy
1376,1012,708,3,happy
1377,1012,258,3,lazy
1378,1012,277,2,sad
1379,1012,701,1,sad
1380,1012,676,1,active
1381,1012,716,1,sad
1382,1012,275,1,active
1383,1012,265,1,sad
1384,1012,740,1,active
1385,1012,274,2,active
1386,1012,674,1,sad
1387,1012,729,1,happy
1388,1012,757,1,happy
1389,1012,721,1,active
1390,1012,728,1,lazy
1391,1012,758,1,happy
1392,1012,752,3,happy
1393,1012,698,1,lazy
1394,1012,743,1,happy
1395,1012,679,1,lazy
1396,1012,740,1,active
1397,1012,725,2,sad
1398,1012,708,3,active
1399,1012,249,1,lazy
1400,1012,747,1,active
1401,1012,682,1,sad
1402,1012,720,4,sad
1403,1012,731,1,sad
1404,1012,253,2,sad
1405,1012,674,1,lazy
1406,1012,746,5,sad
1407,1012,729,1,sad
1408,1012,706,2,lazy
1409,1012,757,1,lazy
1410,1012,762,1,lazy
1411,1012,286,4,lazy
1412,1012,255,2,sad
1413,1012,256,1,happy
1414,1012,293,1,happy
1415,1012,760,2,sad
1416,1012,258,3,lazy
1417,1012,719,3,active
1418,1012,292,3,active
1419,1012,744,1,happy
1420,1012,677,4,sad
1421,1012,277,3,lazy
1422,1012,750,5,active
1423,1012,722,1,happy
1424,1012,721,1,sad
1425,1012,756,1,lazy
1426,1012,272,2,happy
1427,1012,718,1,lazy
1428,1012,271,0,lazy
1429,1012,707,2,active
1430,1012,709,1,lazy
1431,1012,716,1,sad
1432,1012,698,1,lazy
1433,1012,759,1,lazy
1434,1012,679,1,active
1435,1012,741,1,sad
1436,1012,691,1,lazy
1437,1012,752,2,happy
1438,1012,693,1,sad
1439,1012,263,2,sad
1440,1012,713,1,active
1441,1012,275,1,active
1442,1012,743,1,sad
1443,1012,725,2,happy
1444,1012,733,1,active
1445,1012,284,1,lazy
1446,1012,740,1,sad
1447,1012,701,1,lazy
1448,1012,736,2,sad
1449,1012,290,4,happy
1450,1012,754,1,lazy
1451,1012,758,1,active
1452,1012,274,3,happy
1453,1012,295,2,happy
1454,1012,267,2,sad
1455,1012,686,1,happy
1456,1012,282,1,lazy
1457,1012,283,3,sad
1458,1012,280,1,active
1459,1012,676,1,sad
1460,1012,251,1,happy
1461,1012,690,1,lazy
1462,1012,273,3,happy
1463,1012,279,1,lazy
1464,1012,254,3,lazy
1465,1012,728,1,sad
1466,1012,265,2,happy
1467,1012,266,2,lazy
1468,1013,755,0,active
1469,1013,761,1,active
1470,1013,755,0,lazy
1471,1013,761,3,lazy
1472,1013,761,3,sad
1473,1013,755,0,lazy
1474,1013,755,0,happy
1475,1013,761,4,sad
1476,1014,731,4,lazy
1477,1014,277,3,active
1478,1014,752,5,happy
1479,1014,689,4,active
1480,1014,294,4,active
1481,1014,735,4,lazy
1482,1014,689,5,active
1483,1014,277,1,active
1484,1014,728,1,happy
1485,1014,757,5,happy
1486,1014,735,3,active
1487,1014,742,4,sad
1488,1014,268,2,active
1489,1014,277,1,active
1490,1014,275,3,happy
1491,1014,268,2,sad
1492,1014,728,1,happy
1493,1014,279,1,happy
1494,1014,268,4,sad
1495,1014,294,5,sad
1496,1014,757,5,lazy
1497,1014,690,5,sad
1498,1014,279,1,active
1499,1014,735,4,active
1500,1014,679,5,lazy
1501,1014,728,1,lazy
1502,1014,275,1,sad
1503,1014,690,2,sad
1504,1014,285,4,lazy
1505,1014,731,1,lazy
1506,1014,690,3,lazy
1507,1014,679,3,lazy
1508,1014,689,5,happy
1509,1014,731,3,active
1510,1014,294,4,sad
1511,1014,752,3,lazy
1512,1014,285,1,lazy
1513,1014,275,4,lazy
1514,1014,279,1,sad
1515,1014,742,4,active
1516,1014,679,3,sad
1517,1014,742,5,happy
1518,1014,752,5,sad
1519,1014,757,5,happy
1520,1014,285,5,active
1521,1014,275,3,active
1522,1014,735,4,active
1523,1014,690,5,active
1524,1014,742,5,sad
1525,1014,728,1,active
1526,1014,757,3,active
1527,1014,285,5,active
1528,1014,294,5,sad
1529,1014,752,5,sad
1530,1014,268,3,sad
1531,1014,679,5,sad
1532,1014,279,1,happy
1533,1014,731,2,sad
1534,1014,689,5,active
1535,1014,277,2,active
1536,1015,706,1,lazy
1537,1015,733,4,active
1538,1015,733,3,happy
1539,1015,259,1,sad
1540,1015,259,4,sad
1541,1015,683,1,lazy
1542,1015,683,4,active
1543,1015,675,2,active
1544,1015,733,3,active
1545,1015,683,3,sad
1546,1015,675,3,sad
1547,1015,706,1,lazy
1548,1015,675,2,sad
1549,1015,259,1,happy
1550,1015,706,1,lazy
1551,1015,259,2,happy
1552,1015,675,3,sad
1553,1015,683,4,lazy
1554,1015,733,4,sad
1555,1015,706,1,sad
1556,1016,256,3,lazy
1557,1016,262,1,lazy
1558,1016,250,4,lazy
1559,1016,744,2,lazy
1560,1016,279,1,happy
1561,1016,744,3,lazy
1562,1016,279,1,happy
1563,1016,256,1,sad
1564,1016,279,1,lazy
1565,1016,262,3,sad
1566,1016,250,5,lazy
1567,1016,262,3,happy
1568,1016,256,1,active
1569,1016,250,4,sad
1570,1016,744,3,active
1571,1016,279,1,active
1572,1016,250,4,active
1573,1016,256,2,lazy
1574,1016,744,1,sad
1575,1016,262,3,sad
1576,1017,700,4,lazy
1577,1017,700,4,happy
1578,1017,700,3,sad
1579,1017,700,5,sad
1580,1018,728,1,sad
1581,1018,704,2,active
1582,1018,687,2,active
1583,1018,255,1,happy
1584,1018,711,2,lazy
1585,1018,728,1,sad
1586,1018,733,1,sad
1587,1018,711,2,sad
1588,1018,732,2,active
1589,1018,684,3,happy
1590,1018,288,3,sad
1591,1018,721,1,sad
1592,1018,686,4,active
1593,1018,733,1,happy
1594,1018,687,4,sad
1595,1018,728,1,happy
1596,1018,700,1,happy
1597,1018,709,4,sad
1598,1018,686,2,active
1599,1018,684,1,lazy
1600,1018,721,1,active
1601,1018,698,1,happy
1602,1018,705,3,sad
1603,1018,709,1,sad
1604,1018,705,2,sad
1605,1018,255,1,sad
1606,1018,732,2,sad
1607,1018,700,1,lazy
1608,1018,255,1,lazy
1609,1018,698,1,happy
1610,1018,721,1,happy
1611,1018,687,4,happy
1612,1018,684,5,happy
1613,1018,288,3,lazy
1614,1018,709,2,sad
1615,1018,733,1,happy
1616,1018,704,3,happy
1617,1018,711,2,lazy
1618,1018,698,1,happy
1619,1018,705,5,lazy
1620,1018,700,4,happy
1621,1018,704,5,lazy
1622,1018,732,3,sad
1623,1018,288,1,happy
1624,1018,686,5,lazy
1625,1018,721,1,sad
1626,1018,700,4,happy
1627,1018,705,5,active
1628,1018,728,1,sad
1629,1018,709,2,lazy
1630,1018,711,2,lazy
1631,1018,687,3,happy
1632,1018,704,4,active
1633,1018,288,4,happy
1634,1018,698,1,happy
1635,1018,686,5,sad
1636,1018,255,1,sad
1637,1018,684,4,sad
1638,1018,733,1,sad
1639,1018,732,4,sad
1640,1019,736,2,happy
1641,1019,270,1,happy
1642,1019,703,1,lazy
1643,1019,759,3,happy
1644,1019,754,1,happy
1645,1019,292,4,happy
1646,1019,677,1,sad
1647,1019,695,1,lazy
1648,1019,254,5,sad
1649,1019,280,4,happy
1650,1019,249,5,lazy
1651,1019,261,5,active
1652,1019,679,1,lazy
1653,1019,752,1,active
1654,1019,293,5,happy
1655,1019,264,4,sad
1656,1019,710,1,active
1657,1019,259,5,happy
1658,1019,753,1,happy
1659,1019,749,1,active
1660,1019,287,2,active
1661,1019,760,3,active
1662,1019,714,1,happy
1663,1019,258,2,sad
1664,1019,751,3,active
1665,1019,693,1,happy
1666,1019,750,1,sad
1667,1019,279,1,active
1668,1019,730,3,happy
1669,1019,762,1,happy
1670,1019,291,4,sad
1671,1019,702,2,lazy
1672,1019,295,5,sad
1673,1019,729,1,happy
1674,1019,276,5,sad
1675,1019,285,1,happy
1676,1019,254,5,happy
1677,1019,283,5,sad
1678,1019,685,1,happy
1679,1019,271,1,lazy
1680,1019,294,5,happy
1681,1019,250,5,sad
1682,1019,695,1,happy
1683,1019,743,1,active
1684,1019,751,1,happy
1685,1019,745,1,lazy
1686,1019,275,5,lazy
1687,1019,274,5,lazy
1688,1019,250,4,active
1689,1019,709,1,happy
1690,1019,277,5,active
1691,1019,692,1,sad
1692,1019,735,1,happy
1693,1019,271,1,happy
1694,1019,291,5,lazy
1695,1019,255,5,happy
1696,1019,725,1,lazy
1697,1019,690,1,lazy
1698,1019,718,1,sad
1699,1019,749,1,lazy
1700,1019,680,1,active
1701,1019,690,1,lazy
1702,1019,290,5,lazy
1703,1019,682,1,lazy
1704,1019,707,3,active
1705,1019,743,1,happy
1706,1019,251,5,lazy
1707,1019,726,1,happy
1708,1019,734,2,happy
1709,1019,732,1,active
1710,1019,265,5,lazy
1711,1019,249,5,active
1712,1019,739,1,happy
1713,1019,760,3,sad
1714,1019,259,5,sad
1715,1019,282,2,sad
1716,1019,260,5,happy
1717,1019,254,5,lazy
1718,1019,727,1,sad
1719,1019,725,1,happy
1720,1019,756,1,lazy
1721,1019,268,1,happy
1722,1019,722,3,lazy
1723,1019,719,2,sad
1724,1019,256,5,active
1725,1019,736,1,lazy
1726,1019,282,1,lazy
1727,1019,685,2,active
1728,1019,708,2,sad
1729,1019,705,1,lazy
1730,1019,724,3,sad
1731,1019,293,5,active
1732,1019,687,1,active
1733,1019,733,2,active
1734,1019,742,1,happy
1735,1019,738,1,lazy
1736,1019,694,1,active
1737,1019,693,1,active
1738,1019,283,5,lazy
1739,1019,679,1,happy
1740,1019,675,1,active
1741,1019,707,3,lazy
1742,1019,699,1,active
1743,1019,728,1,happy
1744,1019,269,1,active
1745,1019,253,5,sad
1746,1019,729,2,active
1747,1019,727,2,lazy
1748,1019,287,3,happy
1749,1019,677,1,lazy
1750,1019,254,5,active
1751,1019,280,4,active
1752,1019,258,3,lazy
1753,1019,248,5,active
1754,1019,262,5,sad
1755,1019,749,1,happy
1756,1019,731,2,sad
1757,1019,689,5,sad
1758,1019,682,1,sad
1759,1019,273,5,happy
1760,1019,755,2,active
1761,1019,675,1,happy
1762,1019,272,1,happy
1763,1019,276,5,lazy
1764,1019,758,1,lazy
1765,1019,706,1,happy
1766,1019,294,5,lazy
1767,1019,263,5,lazy
1768,1019,691,1,active
1769,1019,746,1,lazy
1770,1019,710,0,active
1771,1019,258,4,lazy
1772,1019,291,4,lazy
1773,1019,282,4,sad
1774,1019,260,5,lazy
1775,1019,727,1,active
1776,1019,761,0,lazy
1777,1019,679,1,active
1778,1019,762,3,lazy
1779,1019,718,1,sad
1780,1019,725,1,active
1781,1019,264,4,happy
1782,1019,722,5,active
1783,1019,743,2,sad
1784,1019,248,5,happy
1785,1019,686,1,active
1786,1019,296,5,lazy
1787,1019,254,5,happy
1788,1019,704,1,active
1789,1019,759,4,happy
1790,1019,286,1,happy
1791,1019,260,5,active
1792,1019,271,2,happy
1793,1019,257,5,sad
1794,1019,719,4,active
1795,1019,252,5,happy
1796,1019,722,1,sad
1797,1019,729,2,active
1798,1019,696,1,active
1799,1019,704,1,sad
1800,1019,254,5,happy
1801,1019,755,1,lazy
1802,1019,736,2,active
1803,1019,271,1,active
1804,1019,722,3,lazy
1805,1019,250,5,sad
1806,1019,749,1,lazy
1807,1019,250,5,happy
1808,1019,718,1,sad
1809,1019,263,5,active
1810,1019,282,1,active
1811,1019,264,3,happy
1812,1019,696,1,lazy
1813,1019,709,1,lazy
1814,1019,266,4,lazy
1815,1019,280,5,happy
1816,1019,268,1,active
1817,1019,729,1,lazy
1818,1019,252,5,active
1819,1019,249,5,active
1820,1019,264,2,sad
1821,1019,255,5,active
1822,1019,755,1,active
1823,1019,753,1,sad
1824,1019,265,4,active
1825,1019,749,1,active
1826,1019,290,5,sad
1827,1019,278,3,lazy
1828,1019,251,5,sad
1829,1019,273,5,sad
1830,1019,265,5,happy
1831,1019,274,5,sad
1832,1019,715,1,active
1833,1019,716,3,sad
1834,1019,711,1,lazy
1835,1019,264,4,lazy
1836,1019,249,5,lazy
1837,1019,265,3,lazy
1838,1019,250,5,active
1839,1019,268,1,sad
1840,1019,744,1,active
1841,1019,270,1,active
1842,1019,259,3,lazy
1843,1019,704,1,lazy
1844,1019,262,5,active
1845,1019,725,1,active
1846,1019,756,1,active
1847,1019,718,1,sad
1848,1019,721,1,lazy
1849,1019,757,1,happy
1850,1019,758,1,happy
1851,1019,701,1,happy
1852,1019,275,5,sad
1853,1019,723,1,happy
1854,1019,717,1,sad
1855,1019,746,2,sad
1856,1019,726,1,active
1857,1019,752,1,lazy
1858,1019,285,1,lazy
1859,1019,269,1,sad
1860,1019,286,1,happy
1861,1019,728,1,happy
1862,1019,676,1,active
1863,1019,739,1,active
1864,1019,691,1,happy
1865,1019,271,1,lazy
1866,1019,259,5,sad
1867,1019,285,0,sad
1868,1019,276,5,sad
1869,1019,677,1,sad
1870,1019,250,5,happy
1871,1019,674,1,active
1872,1019,248,5,sad
1873,1019,680,1,lazy
1874,1019,690,1,happy
1875,1019,264,5,sad
1876,1019,733,3,happy
1877,1019,692,1,sad
1878,1019,252,5,active
1879,1019,249,5,happy
1880,1019,675,0,lazy
1881,1019,713,1,sad
1882,1019,682,2,lazy
1883,1019,683,1,sad
1884,1019,684,1,happy
1885,1019,739,1,happy
1886,1019,698,3,happy
1887,1019,297,5,happy
1888,1019,752,1,lazy
1889,1019,257,5,active
1890,1019,261,5,sad
1891,1019,722,1,lazy
1892,1019,729,2,lazy
1893,1019,258,4,lazy
1894,1019,259,5,lazy
1895,1019,736,1,active
1896,1019,705,1,sad
1897,1019,722,1,happy
1898,1019,685,1,happy
1899,1019,708,2,sad
1900,1019,262,3,active
1901,1019,277,5,active
1902,1019,289,5,lazy
1903,1019,269,1,lazy
1904,1019,729,1,happy
1905,1019,716,2,lazy
1906,1019,250,4,sad
1907,1019,271,1,active
1908,1019,723,1,happy
1909,1019,684,1,active
1910,1019,255,5,active
1911,1019,271,1,happy
1912,1019,745,1,happy
1913,1019,722,1,lazy
1914,1019,281,1,active
1915,1019,745,1,lazy
1916,1019,738,1,active
1917,1019,289,5,active
1918,1019,708,4,lazy
1919,1019,714,1,sad
1920,1019,706,1,happy
1921,1019,255,5,lazy
1922,1019,260,5,happy
1923,1019,720,4,active
1924,1019,267,5,active
1925,1019,702,2,lazy
1926,1019,760,3,active
1927,1019,267,5,happy
1928,1019,278,1,sad
1929,1019,260,5,active
1930,1019,756,1,lazy
1931,1019,250,5,lazy
1932,1019,754,1,lazy
1933,1019,272,2,sad
1934,1019,259,5,sad
1935,1019,722,4,happy
1936,1019,696,1,active
1937,1019,270,1,happy
1938,1019,290,5,active
1939,1019,674,1,happy
1940,1019,741,1,lazy
1941,1019,281,1,active
1942,1019,689,5,sad
1943,1019,287,1,lazy
1944,1019,681,2,happy
1945,1019,753,1,active
1946,1019,686,1,sad
1947,1019,713,1,active
1948,1019,253,5,sad
1949,1019,271,1,happy
1950,1019,718,1,happy
1951,1019,726,2,lazy
1952,1019,265,5,happy
1953,1019,250,5,happy
1954,1019,267,5,sad
1955,1019,255,5,sad
1956,1019,267,5,lazy
1957,1019,707,2,active
1958,1019,755,1,active
1959,1019,723,1,sad
1960,1019,719,3,happy
1961,1019,731,3,happy
1962,1019,760,3,active
1963,1019,705,1,lazy
1964,1019,293,5,active
1965,1019,256,3,happy
1966,1019,721,2,happy
1967,1019,681,3,happy
1968,1019,735,1,happy
1969,1019,699,1,sad
1970,1019,748,4,active
1971,1019,297,5,sad
1972,1019,257,5,happy
1973,1019,734,2,sad
1974,1019,739,1,sad
1975,1019,296,5,sad
1976,1019,730,4,happy
1977,1019,738,1,happy
1978,1019,684,1,lazy
1979,1019,719,2,happy
1980,1019,736,1,lazy
1981,1019,294,5,happy
1982,1019,268,2,happy
1983,1019,690,1,lazy
1984,1019,677,1,lazy
1985,1019,724,3,lazy
1986,1019,756,1,lazy
1987,1019,718,1,lazy
1988,1019,755,2,happy
1989,1019,700,1,lazy
1990,1019,266,3,sad
1991,1019,699,1,sad
1992,1019,253,5,happy
1993,1019,711,1,active
1994,1019,678,1,sad
1995,1019,747,3,active
1996,1019,730,3,sad
1997,1019,255,5,active
1998,1019,716,4,active
1999,1019,737,2,sad
2000,1019,264,2,lazy
2001,1019,696,1,lazy
2002,1019,734,2,lazy
2003,1019,704,1,lazy
2004,1019,755,1,happy
2005,1019,719,2,happy
2006,1019,756,1,sad
2007,1019,679,1,happy
2008,1019,762,2,active
2009,1019,696,1,sad
2010,1019,256,4,sad
2011,1019,738,1,sad
2012,1019,679,1,sad
2013,1019,251,5,sad
2014,1019,733,3,sad
2015,1019,761,1,sad
2016,1019,746,2,sad
2017,1019,249,5,sad
2018,1019,284,1,sad
2019,1019,678,1,sad
2020,1019,279,2,sad
2021,1019,291,4,sad
2022,1019,739,1,sad
2023,1019,732,1,sad
2024,1019,711,1,sad
2025,1019,744,1,sad
2026,1019,740,1,sad
2027,1019,715,2,sad
2028,1019,693,1,sad
2029,1019,746,1,sad
2030,1019,293,5,sad
2031,1019,722,1,sad
2032,1019,738,1,sad
2033,1019,278,1,sad
2034,1019,690,0,sad
2035,1019,709,1,lazy
2036,1019,277,5,lazy
2037,1019,721,1,lazy
2038,1019,252,5,lazy
2039,1019,701,1,lazy
2040,1019,283,5,lazy
2041,1019,728,1,lazy
2042,1019,279,3,lazy
2043,1019,737,1,lazy
2044,1019,755,1,lazy
2045,1019,707,4,lazy
2046,1019,734,1,lazy
2047,1019,259,5,lazy
2048,1019,719,2,lazy
2049,1019,705,1,happy
2050,1019,688,1,happy
2051,1019,282,1,happy
2052,1019,754,1,happy
2053,1019,757,1,happy
2054,1019,740,1,happy
2055,1019,294,5,happy
2056,1019,700,1,happy
2057,1019,748,4,happy
2058,1019,284,1,happy
2059,1019,698,2,happy
2060,1019,285,1,happy
2061,1019,755,1,happy
2062,1019,271,1,happy
2063,1019,278,1,happy
2064,1019,761,1,happy
2065,1019,685,1,happy
2066,1019,722,1,happy
2067,1019,697,1,active
2068,1019,736,2,active
2069,1019,694,1,active
2070,1019,746,3,active
2071,1019,252,5,active
2072,1019,690,1,active
2073,1019,297,5,active
2074,1019,710,1,active
2075,1019,295,5,active
2076,1019,276,5,active
2077,1019,258,5,active
2078,1019,734,1,active
2079,1019,738,0,active
2080,1019,704,1,active
2081,1019,259,5,active
2082,1019,291,3,active
2083,1019,719,3,active
2084,1019,705,1,active
2085,1019,722,4,active
2086,1019,276,5,happy
2087,1019,748,2,sad
2088,1019,688,1,lazy
2089,1019,720,2,happy
2090,1019,722,2,sad
2091,1019,741,1,lazy
2092,1019,760,3,happy
2093,1019,719,1,lazy
2094,1019,714,1,active
2095,1019,687,1,sad
2096,1019,759,1,happy
2097,1019,285,1,lazy
2098,1019,292,3,active
2099,1019,284,1,happy
2100,1019,286,1,lazy
2101,1019,747,2,happy
2102,1019,710,1,active
2103,1019,762,1,active
2104,1019,268,1,sad
2105,1019,729,1,lazy
2106,1019,273,5,lazy
2107,1019,728,0,sad
2108,1019,283,5,lazy
2109,1019,722,1,lazy
2110,1019,736,1,sad
2111,1019,712,3,active
2112,1019,689,5,active
2113,1019,688,1,sad
2114,1019,754,1,sad
2115,1019,695,1,lazy
2116,1019,703,1,happy
2117,1019,753,1,sad
2118,1019,283,5,active
2119,1019,723,1,lazy
2120,1019,681,2,happy
2121,1019,693,1,active
2122,1019,287,1,lazy
2123,1019,702,2,lazy
2124,1019,260,5,active
2125,1019,700,1,lazy
2126,1019,276,5,active
2127,1019,727,2,sad
2128,1019,252,5,happy
2129,1019,273,5,lazy
2130,1019,693,1,happy
2131,1019,276,5,lazy
2132,1019,760,3,sad
2133,1019,710,1,active
2134,1019,285,1,sad
2135,1019,282,2,sad
2136,1019,725,1,happy
2137,1019,732,1,sad
2138,1019,265,3,happy
2139,1019,745,1,happy
2140,1019,705,0,active
2141,1019,754,1,happy
2142,1019,283,5,happy
2143,1019,683,1,happy
2144,1019,278,1,happy
2145,1019,288,5,lazy
2146,1019,757,1,happy
2147,1019,756,1,lazy
2148,1019,293,5,happy
2149,1019,694,1,sad
2150,1019,717,1,lazy
2151,1019,761,1,lazy
2152,1019,707,3,lazy
2153,1019,268,1,sad
2154,1019,737,1,active
2155,1019,753,1,happy
2156,1019,296,5,active
2157,1019,678,1,active
2158,1019,715,1,lazy
2159,1019,729,1,active
2160,1019,707,3,lazy
2161,1019,739,1,happy
2162,1019,728,1,sad
2163,1019,276,5,active
2164,1019,732,1,lazy
2165,1019,761,1,sad
2166,1019,736,2,happy
2167,1019,745,1,lazy
2168,1019,722,1,happy
2169,1019,750,1,lazy
2170,1019,259,5,happy
2171,1019,741,1,active
2172,1019,685,3,active
2173,1019,704,1,happy
2174,1019,278,2,lazy
2175,1019,281,1,lazy
2176,1019,288,5,happy
2177,1019,680,0,lazy
2178,1019,758,1,active
2179,1019,755,2,sad
2180,1019,717,1,lazy
2181,1019,761,1,sad
2182,1019,676,1,active
2183,1019,734,2,lazy
2184,1019,706,1,happy
2185,1019,697,1,sad
2186,1019,684,1,lazy
2187,1019,744,1,active
2188,1019,273,5,lazy
2189,1019,276,5,sad
2190,1019,753,1,lazy
2191,1019,258,4,active
2192,1019,742,1,happy
2193,1019,674,1,active
2194,1019,719,2,happy
2195,1019,289,5,happy
2196,1019,749,1,active
2197,1019,724,2,sad
2198,1019,731,2,active
2199,1019,273,5,active
2200,1019,751,2,happy
2201,1019,292,4,lazy
2202,1019,701,1,happy
2203,1019,723,1,happy
2204,1019,294,5,happy
2205,1019,698,2,active
2206,1019,712,3,happy
2207,1019,683,1,active
2208,1019,272,2,happy
2209,1019,295,5,active
2210,1019,263,5,happy
2211,1019,267,5,active
2212,1019,723,0,lazy
2213,1019,746,1,happy
2214,1019,727,2,lazy
2215,1019,264,2,lazy
2216,1019,293,5,happy
2217,1019,291,4,active
2218,1019,728,1,lazy
2219,1019,727,1,happy
2220,1019,732,1,sad
2221,1019,722,1,lazy
2222,1019,677,1,sad
2223,1019,287,2,lazy
2224,1019,294,5,active
2225,1019,740,1,lazy
2226,1019,684,1,lazy
2227,1019,685,4,happy
2228,1019,274,5,sad
2229,1019,745,1,sad
2230,1019,703,1,active
2231,1019,288,5,lazy
2232,1019,742,1,lazy
2233,1019,720,5,active
2234,1019,687,1,sad
2235,1019,287,3,happy
2236,1019,266,4,sad
2237,1019,692,1,lazy
2238,1019,713,1,happy
2239,1019,750,1,happy
2240,1019,686,1,active
2241,1019,275,5,active
2242,1019,747,4,active
2243,1019,261,5,active
2244,1019,712,4,sad
2245,1019,725,1,active
2246,1019,732,1,lazy
2247,1019,676,1,sad
2248,1019,697,1,happy
2249,1019,735,1,sad
2250,1019,710,0,sad
2251,1019,762,1,sad
2252,1019,264,4,active
2253,1019,691,1,sad
2254,1019,729,1,happy
2255,1019,267,5,lazy
2256,1019,693,1,happy
2257,1019,696,1,sad
2258,1019,684,0,lazy
2259,1019,677,1,active
2260,1019,736,1,active
2261,1019,679,1,active
2262,1019,762,2,happy
2263,1019,754,1,active
2264,1019,700,1,happy
2265,1019,678,1,active
2266,1019,739,1,lazy
2267,1019,296,5,active
2268,1019,262,4,happy
2269,1019,742,1,happy
2270,1019,278,2,lazy
2271,1019,731,2,sad
2272,1019,293,5,lazy
2273,1019,703,1,lazy
2274,1019,288,5,lazy
2275,1019,258,5,happy
2276,1019,749,1,active
2277,1019,281,1,active
2278,1019,745,1,sad
2279,1019,689,5,sad
2280,1019,695,1,sad
2281,1019,256,4,active
2282,1019,264,5,happy
2283,1019,677,1,happy
2284,1019,708,3,happy
2285,1019,290,5,lazy
2286,1019,738,1,active
2287,1019,725,1,sad
2288,1019,682,1,lazy
2289,1019,721,2,happy
2290,1019,743,2,happy
2291,1019,757,1,happy
2292,1019,251,5,sad
2293,1019,273,5,happy
2294,1019,282,1,sad
2295,1019,259,5,sad
2296,1019,736,2,sad
2297,1019,696,1,sad
2298,1019,270,1,sad
2299,1019,688,2,sad
2300,1019,674,1,lazy
2301,1019,753,1,sad
2302,1019,758,1,lazy
2303,1019,707,3,happy
2304,1019,692,1,happy
2305,1019,283,5,lazy
2306,1019,705,1,lazy
2307,1019,685,4,lazy
2308,1019,722,4,happy
2309,1019,724,3,happy
2310,1019,741,1,lazy
2311,1019,754,1,happy
2312,1019,760,3,happy
2313,1019,681,3,happy
2314,1019,717,1,lazy
2315,1019,693,1,happy
2316,1019,714,1,lazy
2317,1019,274,5,active
2318,1019,280,5,lazy
2319,1019,679,1,sad
2320,1019,709,1,lazy
2321,1019,759,2,happy
2322,1019,686,1,happy
2323,1019,756,1,lazy
2324,1019,746,2,active
2325,1019,701,1,happy
2326,1019,266,4,happy
2327,1019,249,5,active
2328,1019,675,0,happy
2329,1019,720,3,active
2330,1019,254,5,sad
2331,1019,704,1,happy
2332,1019,690,1,sad
2333,1019,277,5,sad
2334,1019,287,2,active
2335,1019,292,4,active
2336,1019,275,5,sad
2337,1019,718,1,happy
2338,1019,755,3,lazy
2339,1019,713,1,happy
2340,1019,723,1,happy
2341,1019,727,2,sad
2342,1019,732,1,active
2343,1019,286,1,sad
2344,1019,747,3,active
2345,1019,279,2,lazy
2346,1019,297,5,lazy
2347,1019,752,1,happy
2348,1019,711,1,active
2349,1019,291,4,sad
2350,1019,257,5,active
2351,1019,728,1,lazy
2352,1019,702,2,active
2353,1019,719,3,sad
2354,1019,694,1,happy
2355,1019,687,1,sad
2356,1019,248,5,happy
2357,1019,680,1,lazy
2358,1019,289,5,happy
2359,1019,733,2,sad
2360,1019,751,2,active
2361,1019,252,5,happy
2362,1019,761,1,lazy
2363,1019,715,2,lazy
2364,1019,716,2,sad
2365,1019,267,5,happy
2366,1019,730,4,sad
2367,1019,710,1,happy
2368,1019,295,5,active
2369,1019,762,1,happy
2370,1019,263,5,happy
2371,1019,744,1,happy
2372,1019,697,1,happy
2373,1019,269,1,lazy
2374,1019,250,4,sad
2375,1019,676,1,lazy
2376,1019,265,5,active
2377,1019,255,5,happy
2378,1019,737,2,sad
2379,1019,729,1,active
2380,1019,740,1,sad
2381,1019,684,1,active
2382,1019,276,5,happy
2383,1019,748,3,sad
2384,1019,268,1,sad
2385,1019,735,1,sad
2386,1019,284,1,active
2387,1019,253,5,active
2388,1019,698,2,lazy
2389,1019,285,1,happy
2390,1019,261,5,happy
2391,1019,683,1,sad
2392,1019,272,2,sad
2393,1019,750,1,sad
2394,1019,712,4,happy
2395,1019,706,2,active
2396,1019,294,5,sad
2397,1019,726,2,happy
2398,1019,699,1,sad
2399,1019,734,2,active
2400,1019,260,5,happy
2401,1019,271,2,happy
2402,1019,273,5,lazy
2403,1019,249,5,sad
2404,1019,707,3,sad
2405,1019,293,5,active
2406,1019,729,2,happy
2407,1019,267,5,sad
2408,1019,264,3,happy
2409,1019,760,4,active
2410,1019,739,1,lazy
2411,1019,264,5,happy
2412,1019,276,5,active
2413,1019,723,1,sad
2414,1019,691,1,sad
2415,1019,722,1,sad
2416,1019,693,0,lazy
2417,1019,271,1,active
2418,1019,252,5,lazy
2419,1019,729,1,active
2420,1019,755,1,active
2421,1019,746,1,active
2422,1019,710,1,sad
2423,1019,258,5,happy
2424,1019,696,1,sad
2425,1019,734,2,happy
2426,1019,259,5,lazy
2427,1019,738,1,active
2428,1019,278,1,lazy
2429,1019,704,1,lazy
2430,1019,285,1,happy
2431,1019,259,5,active
2432,1019,291,4,active
2433,1019,728,1,active
2434,1019,282,3,active
2435,1019,276,5,happy
2436,1019,260,5,sad
2437,1019,684,1,lazy
2438,1019,254,5,happy
2439,1019,727,1,sad
2440,1019,255,5,sad
2441,1019,755,1,active
2442,1019,725,1,lazy
2443,1019,732,1,lazy
2444,1019,719,3,lazy
2445,1019,736,2,sad
2446,1019,756,1,active
2447,1019,761,1,sad
2448,1019,745,1,happy
2449,1019,705,1,active
2450,1019,690,1,lazy
2451,1019,287,2,lazy
2452,1019,294,5,happy
2453,1019,754,1,lazy
2454,1019,722,1,active
2455,1019,719,2,happy
2456,1019,250,5,active
2457,1019,722,1,active
2458,1019,268,2,lazy
2459,1019,749,1,active
2460,1019,250,5,happy
2461,1019,718,1,active
2462,1019,736,1,active
2463,1019,283,5,active
2464,1019,677,1,active
2465,1019,722,4,happy
2466,1019,685,1,lazy
2467,1019,753,1,sad
2468,1019,679,1,lazy
2469,1019,271,1,sad
2470,1019,265,3,active
2471,1019,762,3,active
2472,1020,702,1,active
2473,1020,733,5,active
2474,1020,733,5,sad
2475,1020,695,0,active
2476,1020,718,5,happy
2477,1020,737,3,happy
2478,1020,684,1,lazy
2479,1020,273,0,sad
2480,1020,751,0,active
2481,1020,261,0,lazy
2482,1020,692,0,lazy
2483,1020,261,0,lazy
2484,1020,717,1,sad
2485,1020,692,0,sad
2486,1020,718,5,lazy
2487,1020,749,1,happy
2488,1020,700,1,lazy
2489,1020,281,1,sad
2490,1020,754,2,active
2491,1020,722,1,sad
2492,1020,749,1,active
2493,1020,285,3,sad
2494,1020,700,1,sad
2495,1020,739,0,sad
2496,1020,684,2,lazy
2497,1020,273,0,lazy
2498,1020,738,2,active
2499,1020,281,1,lazy
2500,1020,714,5,happy
2501,1020,754,3,happy
2502,1020,733,5,happy
2503,1020,717,1,happy
2504,1020,725,4,sad
2505,1020,751,0,active
2506,1020,253,5,sad
2507,1020,738,5,lazy
2508,1020,261,0,active
2509,1020,253,1,happy
2510,1020,722,1,happy
2511,1020,253,2,sad
2512,1020,718,5,sad
2513,1020,273,0,sad
2514,1020,747,1,lazy
2515,1020,296,1,lazy
2516,1020,754,1,happy
2517,1020,725,0,happy
2518,1020,692,0,happy
2519,1020,700,1,happy
2520,1020,702,1,active
2521,1020,747,1,active
2522,1020,285,4,active
2523,1020,747,1,lazy
2524,1020,725,4,lazy
2525,1020,695,0,happy
2526,1020,281,1,lazy
2527,1020,714,3,active
2528,1020,739,0,lazy
2529,1020,296,1,sad
2530,1020,684,2,active
2531,1020,722,1,happy
2532,1020,695,0,happy
2533,1020,738,3,happy
2534,1020,737,2,happy
2535,1020,739,0,happy
2536,1020,732,0,lazy
2537,1020,702,1,sad
2538,1020,737,3,active
2539,1020,751,0,sad
2540,1020,296,1,happy
2541,1020,749,1,active
2542,1020,714,5,active
2543,1020,732,0,happy
2544,1020,717,1,lazy
2545,1020,285,0,sad
2546,1020,732,0,sad
2547,1020,702,1,active
2548,1020,253,3,active
2549,1020,281,2,happy
2550,1020,754,2,sad
2551,1020,733,5,lazy
2552,1020,747,1,lazy
2553,1020,296,2,lazy
2554,1020,684,3,happy
2555,1020,717,1,active
2556,1020,725,2,lazy
2557,1020,722,1,active
2558,1020,285,3,happy
2559,1020,695,0,lazy
2560,1020,692,0,active
2561,1020,718,5,lazy
2562,1020,273,1,sad
2563,1020,749,1,active
2564,1020,714,5,happy
2565,1020,738,2,happy
2566,1020,737,1,sad
2567,1020,700,1,sad
2568,1020,751,0,sad
2569,1020,732,0,lazy
2570,1020,261,0,sad
2571,1020,739,0,sad
2572,1021,249,3,lazy
2573,1021,683,2,active
2574,1021,752,1,active
2575,1021,757,0,active
2576,1021,294,2,sad
2577,1021,708,0,sad
2578,1021,741,4,active
2579,1021,701,1,sad
2580,1021,249,1,lazy
2581,1021,741,4,active
2582,1021,733,0,sad
2583,1021,294,5,lazy
2584,1021,708,0,active
2585,1021,701,1,sad
2586,1021,752,2,active
2587,1021,757,0,active
2588,1021,701,3,lazy
2589,1021,249,3,sad
2590,1021,733,0,sad
2591,1021,294,2,sad
2592,1021,743,3,happy
2593,1021,733,0,active
2594,1021,757,0,active
2595,1021,752,2,lazy
2596,1021,708,0,sad
2597,1021,683,4,sad
2598,1021,743,4,happy
2599,1021,741,4,sad
2600,1021,683,4,lazy
2601,1021,743,1,active
2602,1021,752,4,active
2603,1021,249,2,active
2604,1021,733,0,happy
2605,1021,683,3,active
2606,1021,757,3,active
2607,1021,743,2,sad
2608,1021,708,0,happy
2609,1021,741,2,active
2610,1021,294,5,sad
2611,1021,701,3,active
2612,1022,254,4,happy
2613,1022,710,3,sad
2614,1022,264,3,happy
2615,1022,678,1,lazy
2616,1022,256,3,sad
2617,1022,254,3,happy
2618,1022,273,3,sad
2619,1022,256,3,active
2620,1022,264,3,sad
2621,1022,273,3,active
2622,1022,688,4,sad
2623,1022,739,1,sad
2624,1022,678,1,lazy
2625,1022,281,4,lazy
2626,1022,688,2,happy
2627,1022,739,1,active
2628,1022,273,3,lazy
2629,1022,739,1,active
2630,1022,737,1,sad
2631,1022,281,3,sad
2632,1022,688,4,happy
2633,1022,737,1,happy
2634,1022,256,1,active
2635,1022,737,1,happy
2636,1022,281,4,sad
2637,1022,254,4,happy
2638,1022,710,3,active
2639,1022,678,1,happy
2640,1022,710,4,lazy
2641,1022,264,2,sad
2642,1022,710,1,sad
2643,1022,273,4,lazy
2644,1022,256,4,active
2645,1022,254,2,happy
2646,1022,688,3,lazy
2647,1022,739,1,lazy
2648,1022,737,1,happy
2649,1022,264,3,active
2650,1022,678,1,active
2651,1022,281,5,lazy
2652,1023,250,1,lazy
2653,1023,295,1,lazy
2654,1023,746,3,sad
2655,1023,280,0,lazy
2656,1023,292,1,active
2657,1023,693,4,lazy
2658,1023,253,4,active
2659,1023,290,1,active
2660,1023,282,0,active
2661,1023,291,3,active
2662,1023,693,4,sad
2663,1023,746,5,active
2664,1023,291,4,sad
2665,1023,737,5,lazy
2666,1023,263,5,sad
2667,1023,295,4,active
2668,1023,728,1,sad
2669,1023,761,2,happy
2670,1023,676,2,active
2671,1023,725,4,happy
2672,1023,737,2,happy
2673,1023,251,5,active
2674,1023,680,2,sad
2675,1023,751,2,sad
2676,1023,734,5,active
2677,1023,692,4,sad
2678,1023,290,1,lazy
2679,1023,750,3,active
2680,1023,250,1,lazy
2681,1023,684,2,lazy
2682,1023,725,4,happy
2683,1023,696,4,happy
2684,1023,732,3,active
2685,1023,272,2,lazy
2686,1023,250,3,happy
2687,1023,253,1,sad
2688,1023,691,0,lazy
2689,1023,682,5,sad
2690,1023,730,1,active
2691,1023,252,4,lazy
2692,1023,272,1,sad
2693,1023,691,0,active
2694,1023,295,5,happy
2695,1023,691,0,lazy
2696,1023,751,4,active
2697,1023,263,2,active
2698,1023,754,2,happy
2699,1023,713,5,active
2700,1023,278,5,happy
2701,1023,750,5,active
2702,1023,282,0,active
2703,1023,680,4,happy
2704,1023,292,1,active
2705,1023,703,3,active
2706,1023,722,0,lazy
2707,1023,291,1,happy
2708,1023,290,3,happy
2709,1023,262,1,lazy
2710,1023,292,5,sad
2711,1023,732,1,lazy
2712,1023,748,0,active
2713,1023,251,1,active
2714,1023,751,4,lazy
2715,1023,262,5,lazy
2716,1023,278,4,happy
2717,1023,696,5,sad
2718,1023,722,0,active
2719,1023,693,3,sad
2720,1023,263,3,lazy
2721,1023,676,4,lazy
2722,1023,692,5,sad
2723,1023,743,1,sad
2724,1023,746,1,sad
2725,1023,734,5,sad
2726,1023,252,3,lazy
2727,1023,676,1,lazy
2728,1023,748,0,lazy
2729,1023,699,5,happy
2730,1023,743,4,happy
2731,1023,696,5,happy
2732,1023,280,0,happy
2733,1023,713,5,happy
2734,1023,730,1,happy
2735,1023,274,1,happy
2736,1023,262,5,happy
2737,1023,728,5,happy
2738,1023,761,5,active
2739,1023,743,4,active
2740,1023,274,1,active
2741,1023,750,2,lazy
2742,1023,725,2,sad
2743,1023,680,2,happy
2744,1023,684,3,active
2745,1023,252,2,happy
2746,1023,278,2,happy
2747,1023,253,1,lazy
2748,1023,730,5,lazy
2749,1023,251,5,active
2750,1023,761,2,lazy
2751,1023,699,2,happy
2752,1023,282,0,happy
2753,1023,280,0,lazy
2754,1023,754,2,lazy
2755,1023,734,5,sad
2756,1023,692,4,sad
2757,1023,699,5,happy
2758,1023,682,4,sad
2759,1023,703,5,sad
2760,1023,272,4,lazy
2761,1023,684,4,lazy
2762,1023,732,5,sad
2763,1023,748,0,happy
2764,1023,728,5,sad
2765,1023,682,5,sad
2766,1023,754,4,active
2767,1023,703,2,active
2768,1023,722,0,happy
2769,1023,274,5,sad
2770,1023,713,1,lazy
2771,1023,737,2,active
2772,1023,703,5,active
2773,1023,250,1,active
2774,1023,278,4,lazy
2775,1023,676,5,lazy
2776,1023,750,5,sad
2777,1023,743,4,happy
2778,1023,253,1,active
2779,1023,734,5,lazy
2780,1023,272,3,lazy
2781,1023,290,1,active
2782,1023,699,5,happy
2783,1023,692,5,sad
2784,1023,252,2,sad
2785,1023,725,4,happy
2786,1023,696,4,lazy
2787,1023,295,4,lazy
2788,1023,746,4,active
2789,1023,732,5,sad
2790,1023,761,3,active
2791,1023,684,5,sad
2792,1023,722,0,happy
2793,1023,748,0,happy
2794,1023,280,0,happy
2795,1023,282,0,happy
2796,1023,691,0,lazy
2797,1023,291,1,lazy
2798,1023,274,1,happy
2799,1023,754,3,happy
2800,1023,751,4,lazy
2801,1023,693,2,active
2802,1023,292,5,active
2803,1023,728,5,lazy
2804,1023,737,5,happy
2805,1023,730,3,sad
2806,1023,713,5,active
2807,1023,263,5,sad
2808,1023,262,3,lazy
2809,1023,682,4,happy
2810,1023,680,4,lazy
2811,1023,251,1,happy
2812,1024,686,3,lazy
2813,1024,744,4,lazy
2814,1024,704,3,happy
2815,1024,688,1,active
2816,1024,707,3,sad
2817,1024,259,2,sad
2818,1024,705,1,active
2819,1024,745,1,active
2820,1024,259,3,active
2821,1024,686,5,lazy
2822,1024,283,3,active
2823,1024,717,4,lazy
2824,1024,704,5,sad
2825,1024,744,4,lazy
2826,1024,686,3,lazy
2827,1024,688,1,lazy
2828,1024,705,2,happy
2829,1024,744,5,lazy
2830,1024,745,1,lazy
2831,1024,704,4,happy
2832,1024,707,4,happy
2833,1024,707,3,active
2834,1024,717,3,happy
2835,1024,705,1,lazy
2836,1024,283,4,lazy
2837,1024,259,4,happy
2838,1024,688,3,happy
2839,1024,717,2,sad
2840,1024,745,2,active
2841,1024,283,5,sad
2842,1024,686,5,lazy
2843,1024,717,5,active
2844,1024,259,3,sad
2845,1024,745,3,lazy
2846,1024,705,3,happy
2847,1024,283,4,active
2848,1024,688,3,happy
2849,1024,744,5,sad
2850,1024,704,4,lazy
2851,1024,707,4,lazy
2852,1025,251,4,active
2853,1025,253,3,active
2854,1025,284,3,lazy
2855,1025,251,2,happy
2856,1025,291,3,lazy
2857,1025,284,4,lazy
2858,1025,291,5,lazy
2859,1025,253,4,sad
2860,1025,253,4,lazy
2861,1025,284,4,active
2862,1025,251,5,lazy
2863,1025,291,4,sad
2864,1025,251,4,sad
2865,1025,253,3,active
2866,1025,291,4,lazy
2867,1025,284,3,sad
2868,1026,703,1,happy
2869,1026,749,1,sad
2870,1026,686,5,active
2871,1026,730,1,active
2872,1026,761,4,sad
2873,1026,282,3,happy
2874,1026,692,4,happy
2875,1026,692,2,happy
2876,1026,699,3,active
2877,1026,747,5,lazy
2878,1026,696,1,sad
2879,1026,286,4,happy
2880,1026,730,1,active
2881,1026,749,1,lazy
2882,1026,282,5,active
2883,1026,749,1,sad
2884,1026,703,1,happy
2885,1026,294,3,lazy
2886,1026,762,5,active
2887,1026,698,3,active
2888,1026,761,3,lazy
2889,1026,760,1,happy
2890,1026,731,1,lazy
2891,1026,286,5,sad
2892,1026,276,1,sad
2893,1026,762,5,sad
2894,1026,699,3,lazy
2895,1026,698,3,lazy
2896,1026,294,3,lazy
2897,1026,696,1,sad
2898,1026,730,1,lazy
2899,1026,747,5,lazy
2900,1026,692,3,lazy
2901,1026,686,5,sad
2902,1026,282,5,sad
2903,1026,761,4,lazy
2904,1026,696,1,happy
2905,1026,275,1,active
2906,1026,703,1,active
2907,1026,290,1,sad
2908,1026,266,5,sad
2909,1026,686,5,happy
2910,1026,747,5,active
2911,1026,276,1,lazy
2912,1026,266,3,lazy
2913,1026,731,1,active
2914,1026,275,1,active
2915,1026,762,5,active
2916,1026,698,3,sad
2917,1026,275,1,sad
2918,1026,760,1,happy
2919,1026,290,1,happy
2920,1026,266,4,lazy
2921,1026,290,5,sad
2922,1026,276,1,lazy
2923,1026,286,2,active
2924,1026,699,4,sad
2925,1026,760,1,sad
2926,1026,731,1,lazy
2927,1026,294,3,lazy
2928,1026,699,5,active
2929,1026,275,1,happy
2930,1026,294,3,active
2931,1026,730,1,happy
2932,1026,290,3,happy
2933,1026,747,5,sad
2934,1026,703,1,active
2935,1026,749,1,happy
2936,1026,692,3,happy
2937,1026,276,1,lazy
2938,1026,282,5,active
2939,1026,286,3,happy
2940,1026,698,3,lazy
2941,1026,686,5,happy
2942,1026,696,1,happy
2943,1026,762,5,active
2944,1026,760,1,sad
2945,1026,731,1,active
2946,1026,266,5,sad
2947,1026,761,1,happy
2948,1027,258,4,active
2949,1027,722,3,lazy
2950,1027,703,3,active
2951,1027,746,2,happy
2952,1027,710,1,sad
2953,1027,260,3,lazy
2954,1027,703,5,lazy
2955,1027,712,1,happy
2956,1027,710,2,active
2957,1027,722,1,sad
2958,1027,746,4,active
2959,1027,698,2,active
2960,1027,260,1,lazy
2961,1027,728,0,happy
2962,1027,698,5,lazy
2963,1027,681,1,active
2964,1027,258,3,active
2965,1027,260,3,lazy
2966,1027,746,3,lazy
2967,1027,728,0,sad
2968,1027,722,3,sad
2969,1027,703,4,sad
2970,1027,710,1,lazy
2971,1027,698,4,lazy
2972,1027,712,5,happy
2973,1027,728,0,lazy
2974,1027,681,1,active
2975,1027,681,4,happy
2976,1027,712,5,happy
2977,1027,258,1,lazy
2978,1027,681,3,happy
2979,1027,728,0,sad
2980,1027,258,2,lazy
2981,1027,698,2,lazy
2982,1027,712,3,sad
2983,1027,260,2,lazy
2984,1027,703,3,sad
2985,1027,746,4,happy
2986,1027,722,2,lazy
2987,1027,710,1,active
2988,1028,702,1,lazy
2989,1028,702,1,lazy
2990,1028,252,4,sad
2991,1028,738,1,lazy
2992,1028,738,1,lazy
2993,1028,702,1,active
2994,1028,252,1,sad
2995,1028,252,1,active
2996,1028,738,2,sad
2997,1028,252,5,active
2998,1028,738,2,happy
2999,1028,702,2,lazy
3000,1029,690,2,active
3001,1029,674,4,lazy
3002,1029,674,5,happy
3003,1029,690,4,lazy
3004,1029,283,1,active
3005,1029,699,1,active
3006,1029,745,3,lazy
3007,1029,699,3,happy
3008,1029,283,5,active
3009,1029,745,3,happy
3010,1029,283,1,sad
3011,1029,699,4,active
3012,1029,690,1,sad
3013,1029,745,2,sad
3014,1029,674,4,active
3015,1029,745,0,lazy
3016,1029,283,0,sad
3017,1029,699,0,active
3018,1029,674,0,sad
3019,1029,690,0,lazy
3020,1030,760,3,lazy
3021,1030,751,1,lazy
3022,1030,273,3,active
3023,1030,259,2,sad
3024,1030,273,2,sad
3025,1030,687,5,active
3026,1030,732,3,active
3027,1030,259,2,lazy
3028,1030,753,2,lazy
3029,1030,760,5,lazy
3030,1030,259,3,lazy
3031,1030,736,4,active
3032,1030,687,4,lazy
3033,1030,725,2,lazy
3034,1030,751,5,lazy
3035,1030,702,3,happy
3036,1030,725,4,active
3037,1030,753,4,active
3038,1030,753,3,lazy
3039,1030,725,3,sad
3040,1030,732,2,active
3041,1030,702,4,sad
3042,1030,736,5,sad
3043,1030,702,2,happy
3044,1030,687,4,sad
3045,1030,732,2,happy
3046,1030,751,4,active
3047,1030,273,5,sad
3048,1030,760,4,sad
3049,1030,736,5,sad
3050,1030,725,3,sad
3051,1030,732,2,active
3052,1030,753,2,happy
3053,1030,702,3,lazy
3054,1030,736,5,active
3055,1030,273,4,lazy
3056,1030,259,2,sad
3057,1030,760,4,lazy
3058,1030,687,5,active
3059,1030,751,3,active
3060,1031,251,3,lazy
3061,1031,254,1,active
3062,1031,739,3,active
3063,1031,251,2,lazy
3064,1031,265,4,happy
3065,1031,739,3,lazy
3066,1031,265,4,lazy
3067,1031,724,3,lazy
3068,1031,251,4,happy
3069,1031,265,4,active
3070,1031,254,1,active
3071,1031,724,4,happy
3072,1031,254,2,active
3073,1031,739,3,active
3074,1031,724,3,lazy
3075,1031,739,3,sad
3076,1031,265,4,active
3077,1031,251,2,sad
3078,1031,254,1,lazy
3079,1031,724,4,sad
3080,1032,684,4,sad
3081,1032,742,2,lazy
3082,1032,716,0,lazy
3083,1032,675,4,sad
3084,1032,724,0,sad
3085,1032,731,1,happy
3086,1032,724,0,active
3087,1032,755,1,sad
3088,1032,716,0,sad
3089,1032,682,2,lazy
3090,1032,719,2,happy
3091,1032,727,1,sad
3092,1032,758,2,happy
3093,1032,295,5,active
3094,1032,758,4,active
3095,1032,250,0,lazy
3096,1032,728,1,happy
3097,1032,740,1,sad
3098,1032,731,1,happy
3099,1032,250,0,active
3100,1032,295,5,active
3101,1032,742,4,sad
3102,1032,262,1,active
3103,1032,719,4,sad
3104,1032,682,2,lazy
3105,1032,684,4,active
3106,1032,742,5,active
3107,1032,728,1,active
3108,1032,744,3,happy
3109,1032,252,1,sad
3110,1032,295,3,sad
3111,1032,262,1,sad
3112,1032,715,4,sad
3113,1032,755,2,lazy
3114,1032,715,4,lazy
3115,1032,727,3,lazy
3116,1032,728,1,happy
3117,1032,715,2,happy
3118,1032,744,3,active
3119,1032,250,0,lazy
3120,1032,252,2,lazy
3121,1032,724,0,sad
3122,1032,744,2,lazy
3123,1032,758,3,sad
3124,1032,705,4,lazy
3125,1032,262,1,sad
3126,1032,682,2,active
3127,1032,675,2,active
3128,1032,755,2,active
3129,1032,727,4,happy
3130,1032,705,4,lazy
3131,1032,252,3,sad
3132,1032,684,3,lazy
3133,1032,716,0,sad
3134,1032,740,1,happy
3135,1032,740,1,lazy
3136,1032,731,1,sad
3137,1032,675,5,lazy
3138,1032,705,4,active
3139,1032,719,4,active
3140,1032,262,1,happy
3141,1032,250,0,sad
3142,1032,755,2,sad
3143,1032,715,5,lazy
3144,1032,740,1,happy
3145,1032,684,3,sad
3146,1032,719,4,active
3147,1032,682,2,active
3148,1032,728,1,happy
3149,1032,727,3,lazy
3150,1032,252,1,happy
3151,1032,744,3,sad
3152,1032,742,4,sad
3153,1032,724,1,happy
3154,1032,758,3,lazy
3155,1032,705,5,lazy
3156,1032,295,3,sad
3157,1032,731,1,sad
3158,1032,675,5,active
3159,1032,716,1,sad
3160,1033,716,5,active
3161,1033,734,1,lazy
3162,1033,760,4,happy
3163,1033,681,5,happy
3164,1033,737,1,happy
3165,1033,686,3,sad
3166,1033,727,5,lazy
3167,1033,721,2,happy
3168,1033,714,5,sad
3169,1033,749,1,lazy
3170,1033,728,1,sad
3171,1033,712,2,happy
3172,1033,710,3,active
3173,1033,253,5,lazy
3174,1033,761,4,happy
3175,1033,252,4,sad
3176,1033,289,1,happy
3177,1033,687,1,happy
3178,1033,738,1,active
3179,1033,684,4,active
3180,1033,276,1,active
3181,1033,737,4,lazy
3182,1033,696,1,sad
3183,1033,267,3,sad
3184,1033,296,3,active
3185,1033,270,1,happy
3186,1033,757,3,active
3187,1033,289,4,active
3188,1033,729,2,happy
3189,1033,280,1,active
3190,1033,273,2,lazy
3191,1033,248,5,active
3192,1033,686,2,sad
3193,1033,754,2,sad
3194,1033,760,2,happy
3195,1033,266,4,happy
3196,1033,757,2,lazy
3197,1033,683,1,happy
3198,1033,729,1,sad
3199,1033,742,2,sad
3200,1033,695,2,sad
3201,1033,290,4,happy
3202,1033,250,4,happy
3203,1033,721,3,lazy
3204,1033,698,2,sad
3205,1033,266,2,active
3206,1033,694,3,sad
3207,1033,696,1,happy
3208,1033,708,1,lazy
3209,1033,265,4,lazy
3210,1033,681,3,sad
3211,1033,274,1,sad
3212,1033,732,1,happy
3213,1033,756,1,lazy
3214,1033,281,2,lazy
3215,1033,250,1,active
3216,1033,729,2,happy
3217,1033,714,1,active
3218,1033,758,1,active
3219,1033,276,1,sad
3220,1033,711,1,happy
3221,1033,762,1,happy
3222,1033,709,1,active
3223,1033,706,2,active
3224,1033,708,2,lazy
3225,1033,274,3,happy
3226,1033,279,1,sad
3227,1033,717,1,sad
3228,1033,751,4,lazy
3229,1033,722,2,sad
3230,1033,291,2,active
3231,1033,756,1,happy
3232,1033,687,3,sad
3233,1033,280,2,happy
3234,1033,290,2,happy
3235,1033,679,2,happy
3236,1033,733,1,active
3237,1033,705,2,active
3238,1033,254,2,active
3239,1033,286,2,active
3240,1033,708,5,lazy
3241,1033,713,2,sad
3242,1033,710,4,lazy
3243,1033,736,5,happy
3244,1033,735,3,happy
3245,1033,674,2,active
3246,1033,731,1,sad
3247,1033,249,5,active
3248,1033,685,4,sad
3249,1033,680,2,happy
3250,1033,279,3,sad
3251,1033,734,1,sad
3252,1033,270,1,lazy
3253,1033,732,1,lazy
3254,1033,748,2,sad
3255,1033,257,3,lazy
3256,1033,679,3,happy
3257,1033,703,4,happy
3258,1033,250,3,lazy
3259,1033,254,4,lazy
3260,1033,685,3,happy
3261,1033,674,3,active
3262,1033,273,1,happy
3263,1033,269,4,lazy
3264,1033,265,4,sad
3265,1033,270,1,sad
3266,1033,684,2,sad
3267,1033,690,4,sad
3268,1033,257,1,lazy
3269,1033,674,1,active
3270,1033,251,3,happy
3271,1033,280,3,happy
3272,1033,714,3,happy
3273,1033,749,1,happy
3274,1033,754,4,lazy
3275,1033,295,5,sad
3276,1033,255,5,sad
3277,1033,267,2,sad
3278,1033,291,4,sad
3279,1033,252,3,lazy
3280,1033,742,3,sad
3281,1033,287,4,lazy
3282,1033,700,5,sad
3283,1033,283,4,happy
3284,1033,705,1,sad
3285,1033,690,3,happy
3286,1033,682,4,lazy
3287,1033,675,4,sad
3288,1033,261,3,happy
3289,1033,746,5,active
3290,1033,680,3,active
3291,1033,279,3,active
3292,1033,759,3,lazy
3293,1033,760,5,active
3294,1033,249,4,happy
3295,1033,267,5,active
3296,1033,255,4,sad
3297,1033,735,3,lazy
3298,1033,725,2,sad
3299,1033,295,5,sad
3300,1033,734,1,happy
3301,1033,678,2,happy
3302,1033,284,3,happy
3303,1033,697,3,lazy
3304,1033,722,5,active
3305,1033,723,2,sad
3306,1033,720,5,lazy
3307,1033,281,5,sad
3308,1033,278,3,happy
3309,1033,753,3,active
3310,1033,682,4,happy
3311,1033,746,5,lazy
3312,1033,679,3,sad
3313,1033,741,2,happy
3314,1033,698,3,lazy
3315,1033,676,4,happy
3316,1033,269,5,active
3317,1033,680,4,sad
3318,1033,296,3,lazy
3319,1033,709,4,lazy
3320,1033,266,5,active
3321,1033,707,3,active
3322,1033,285,5,active
3323,1033,715,5,happy
3324,1033,712,3,lazy
3325,1033,752,4,lazy
3326,1033,741,2,lazy
3327,1033,683,1,sad
3328,1033,707,3,lazy
3329,1033,261,5,happy
3330,1033,259,1,lazy
3331,1033,710,1,lazy
3332,1033,741,1,lazy
3333,1033,715,3,active
3334,1033,253,3,happy
3335,1033,252,2,happy
3336,1033,683,2,sad
3337,1033,285,2,active
3338,1033,278,1,sad
3339,1033,257,2,lazy
3340,1033,743,4,sad
3341,1033,726,1,lazy
3342,1033,709,3,sad
3343,1033,736,1,lazy
3344,1033,747,3,active
3345,1033,688,1,sad
3346,1033,762,1,active
3347,1033,676,2,happy
3348,1033,761,5,active
3349,1033,732,1,lazy
3350,1033,259,1,sad
3351,1033,743,3,sad
3352,1033,711,1,sad
3353,1033,255,3,lazy
3354,1033,728,1,happy
3355,1033,755,3,active
3356,1033,712,5,lazy
3357,1033,685,3,happy
3358,1033,282,4,sad
3359,1033,696,1,active
3360,1033,253,4,active
3361,1033,692,4,active
3362,1033,702,1,active
3363,1033,756,2,lazy
3364,1033,283,3,lazy
3365,1033,675,2,active
3366,1033,692,1,sad
3367,1033,736,3,sad
3368,1033,719,5,sad
3369,1033,678,3,sad
3370,1033,251,5,sad
3371,1033,273,1,sad
3372,1033,286,4,sad
3373,1033,746,4,sad
3374,1033,259,1,sad
3375,1033,282,3,lazy
3376,1033,724,3,lazy
3377,1033,262,1,lazy
3378,1033,754,4,lazy
3379,1033,700,2,lazy
3380,1033,742,2,lazy
3381,1033,733,2,lazy
3382,1033,747,5,happy
3383,1033,248,4,happy
3384,1033,725,2,happy
3385,1033,702,1,happy
3386,1033,737,1,happy
3387,1033,717,1,happy
3388,1033,723,4,happy
3389,1033,720,2,happy
3390,1033,281,3,happy
3391,1033,695,3,happy
3392,1033,703,5,happy
3393,1033,753,3,happy
3394,1033,275,1,happy
3395,1033,289,5,happy
3396,1033,752,2,active
3397,1033,296,5,active
3398,1033,724,1,active
3399,1033,704,4,active
3400,1033,249,1,active
3401,1033,731,1,active
3402,1033,248,1,active
3403,1033,713,1,active
3404,1033,262,1,active
3405,1033,727,2,active
3406,1033,699,2,active
3407,1033,254,2,active
3408,1033,292,1,active
3409,1033,726,2,active
3410,1033,687,2,active
3411,1033,704,3,active
3412,1033,762,1,sad
3413,1033,694,4,active
3414,1033,688,3,lazy
3415,1033,751,3,lazy
3416,1033,676,4,lazy
3417,1033,717,1,sad
3418,1033,735,1,sad
3419,1033,282,5,active
3420,1033,748,3,lazy
3421,1033,720,3,sad
3422,1033,757,3,active
3423,1033,733,2,happy
3424,1033,275,1,happy
3425,1033,682,5,happy
3426,1033,261,1,active
3427,1033,684,3,active
3428,1033,718,5,sad
3429,1033,675,3,active
3430,1033,251,3,sad
3431,1033,725,4,happy
3432,1033,731,1,sad
3433,1033,265,3,sad
3434,1033,292,4,active
3435,1033,738,1,sad
3436,1033,718,2,sad
3437,1033,286,4,happy
3438,1033,278,3,sad
3439,1033,287,5,lazy
3440,1033,707,5,lazy
3441,1033,743,5,lazy
3442,1033,695,3,lazy
3443,1033,692,4,active
3444,1033,719,5,active
3445,1033,686,2,active
3446,1033,755,4,lazy
3447,1033,759,2,lazy
3448,1033,689,5,happy
3449,1033,727,4,active
3450,1033,722,4,active
3451,1033,699,3,lazy
3452,1033,726,1,sad
3453,1033,758,2,happy
3454,1033,681,5,sad
3455,1033,752,3,active
3456,1033,689,4,lazy
3457,1033,755,5,happy
3458,1033,698,5,lazy
3459,1033,751,1,happy
3460,1033,284,3,sad
3461,1033,697,2,happy
3462,1033,291,4,sad
3463,1033,283,4,happy
3464,1033,276,3,active
3465,1033,738,1,sad
3466,1033,721,5,sad
3467,1033,703,4,lazy
3468,1033,758,2,active
3469,1033,290,5,happy
3470,1033,274,1,happy
3471,1033,678,1,active
3472,1033,704,2,sad
3473,1033,716,2,sad
3474,1033,715,2,happy
3475,1033,688,4,sad
3476,1033,747,1,sad
3477,1033,702,1,sad
3478,1033,706,2,lazy
3479,1033,262,1,lazy
3480,1033,719,2,lazy
3481,1033,761,1,lazy
3482,1033,697,2,active
3483,1033,699,4,happy
3484,1033,292,1,lazy
3485,1033,275,1,lazy
3486,1033,705,1,active
3487,1033,759,1,happy
3488,1033,689,3,sad
3489,1033,269,2,lazy
3490,1033,749,2,active
3491,1033,706,4,sad
3492,1033,716,4,lazy
3493,1033,728,1,happy
3494,1033,694,2,active
3495,1033,713,1,sad
3496,1033,724,5,lazy
3497,1033,295,5,lazy
3498,1033,284,2,sad
3499,1033,723,3,sad
3500,1033,748,1,happy
3501,1033,700,5,active
3502,1033,718,3,sad
3503,1033,690,2,lazy
3504,1033,287,3,sad
3505,1033,753,2,happy
3506,1033,711,2,sad
3507,1033,285,3,sad
3508,1033,712,3,lazy
3509,1033,694,2,lazy
3510,1033,760,4,happy
3511,1033,706,4,active
3512,1033,269,5,happy
3513,1033,725,3,sad
3514,1033,696,1,happy
3515,1033,249,4,lazy
3516,1033,686,1,sad
3517,1033,688,3,lazy
3518,1033,735,2,happy
3519,1033,737,1,lazy
3520,1033,719,5,lazy
3521,1033,267,5,lazy
3522,1033,676,2,happy
3523,1033,731,1,active
3524,1033,717,1,active
3525,1033,262,1,happy
3526,1033,265,3,active
3527,1033,755,4,happy
3528,1033,253,5,happy
3529,1033,751,4,sad
3530,1033,702,1,lazy
3531,1033,681,5,lazy
3532,1033,685,4,sad
3533,1033,282,4,happy
3534,1033,689,5,happy
3535,1033,251,3,happy
3536,1033,680,3,lazy
3537,1033,713,1,active
3538,1033,296,5,lazy
3539,1033,678,2,happy
3540,1033,295,5,active
3541,1033,266,5,lazy
3542,1033,734,1,sad
3543,1033,692,2,lazy
3544,1033,759,2,active
3545,1033,762,1,happy
3546,1033,709,3,lazy
3547,1033,724,4,active
3548,1033,248,5,active
3549,1033,274,1,active
3550,1033,273,3,lazy
3551,1033,741,1,sad
3552,1033,754,5,lazy
3553,1033,698,4,happy
3554,1033,279,3,active
3555,1033,704,5,happy
3556,1033,710,2,sad
3557,1033,674,2,lazy
3558,1033,749,2,lazy
3559,1033,752,4,active
3560,1033,747,5,lazy
3561,1033,708,4,happy
3562,1033,716,4,happy
3563,1033,736,4,active
3564,1033,715,4,active
3565,1033,255,4,lazy
3566,1033,728,1,lazy
3567,1033,284,2,happy
3568,1033,270,2,happy
3569,1033,761,5,sad
3570,1033,727,4,lazy
3571,1033,697,2,active
3572,1033,722,4,sad
3573,1033,291,3,lazy
3574,1033,252,3,sad
3575,1033,723,3,lazy
3576,1033,732,1,happy
3577,1033,699,3,active
3578,1033,748,2,happy
3579,1033,720,5,happy
3580,1033,757,2,happy
3581,1033,756,1,active
3582,1033,683,2,sad
3583,1033,281,5,active
3584,1033,287,5,happy
3585,1033,250,3,active
3586,1033,275,1,active
3587,1033,714,5,sad
3588,1033,690,3,happy
3589,1033,753,3,sad
3590,1033,682,4,happy
3591,1033,257,3,active
3592,1033,261,4,active
3593,1033,290,4,active
3594,1033,679,3,happy
3595,1033,726,1,happy
3596,1033,705,2,sad
3597,1033,675,2,happy
3598,1033,711,2,lazy
3599,1033,758,2,sad
3600,1033,259,1,active
3601,1033,684,3,sad
3602,1033,733,2,active
3603,1033,285,5,lazy
3604,1033,743,4,happy
3605,1033,254,4,happy
3606,1033,746,5,sad
3607,1033,276,3,sad
3608,1033,707,4,active
3609,1033,286,4,active
3610,1033,742,2,sad
3611,1033,718,5,sad
3612,1033,729,3,lazy
3613,1033,695,2,active
3614,1033,280,2,active
3615,1033,289,5,lazy
3616,1033,292,3,happy
3617,1033,738,1,happy
3618,1033,283,3,happy
3619,1033,721,3,happy
3620,1033,278,2,active
3621,1033,687,2,active
3622,1033,700,5,active
3623,1033,703,5,happy
3624,1034,295,3,active
3625,1034,295,3,lazy
3626,1034,295,3,active
3627,1034,295,4,active
3628,1035,276,0,happy
3629,1035,726,3,active
3630,1035,683,2,active
3631,1035,254,2,happy
3632,1035,690,2,active
3633,1035,255,4,active
3634,1035,747,1,active
3635,1035,747,1,lazy
3636,1035,276,0,happy
3637,1035,726,2,happy
3638,1035,739,2,sad
3639,1035,739,3,happy
3640,1035,262,3,active
3641,1035,250,1,happy
3642,1035,684,2,active
3643,1035,676,2,active
3644,1035,747,1,active
3645,1035,707,2,lazy
3646,1035,674,1,sad
3647,1035,250,1,active
3648,1035,730,1,active
3649,1035,758,3,active
3650,1035,262,3,active
3651,1035,739,2,lazy
3652,1035,674,3,active
3653,1035,684,1,active
3654,1035,254,2,sad
3655,1035,284,3,active
3656,1035,690,4,happy
3657,1035,255,2,sad
3658,1035,676,4,active
3659,1035,704,0,lazy
3660,1035,690,3,lazy
3661,1035,255,4,lazy
3662,1035,684,1,happy
3663,1035,676,3,lazy
3664,1035,250,1,lazy
3665,1035,707,1,lazy
3666,1035,291,1,lazy
3667,1035,718,1,lazy
3668,1035,718,1,happy
3669,1035,683,2,active
3670,1035,707,1,active
3671,1035,291,1,active
3672,1035,262,3,active
3673,1035,254,2,lazy
3674,1035,284,3,active
3675,1035,730,1,happy
3676,1035,758,4,lazy
3677,1035,674,1,happy
3678,1035,704,0,lazy
3679,1035,683,2,lazy
3680,1035,730,2,sad
3681,1035,704,0,lazy
3682,1035,291,2,happy
3683,1035,284,3,sad
3684,1035,276,0,happy
3685,1035,758,4,happy
3686,1035,726,3,sad
3687,1035,718,1,active
3688,1035,255,3,lazy
3689,1035,726,3,happy
3690,1035,291,1,active
3691,1035,704,0,sad
3692,1035,747,1,active
3693,1035,250,1,sad
3694,1035,718,2,active
3695,1035,284,3,sad
3696,1035,758,3,sad
3697,1035,690,4,sad
3698,1035,684,2,sad
3699,1035,730,2,lazy
3700,1035,676,4,happy
3701,1035,739,3,active
3702,1035,683,2,sad
3703,1035,276,0,active
3704,1035,254,2,sad
3705,1035,707,1,lazy
3706,1035,262,3,lazy
3707,1035,674,3,sad
3708,1036,745,1,lazy
3709,1036,693,4,sad
3710,1036,746,4,active
3711,1036,749,2,happy
3712,1036,679,2,happy
3713,1036,278,1,active
3714,1036,251,5,happy
3715,1036,288,1,lazy
3716,1036,732,3,happy
3717,1036,742,4,active
3718,1036,749,3,sad
3719,1036,276,5,sad
3720,1036,685,2,sad
3721,1036,261,2,sad
3722,1036,278,2,active
3723,1036,278,1,sad
3724,1036,266,1,lazy
3725,1036,745,2,active
3726,1036,691,3,lazy
3727,1036,760,2,lazy
3728,1036,261,3,happy
3729,1036,271,2,happy
3730,1036,698,3,lazy
3731,1036,759,3,happy
3732,1036,742,3,happy
3733,1036,698,3,happy
3734,1036,284,2,happy
3735,1036,693,2,active
3736,1036,688,4,lazy
3737,1036,276,4,happy
3738,1036,760,3,happy
3739,1036,732,3,active
3740,1036,679,3,sad
3741,1036,297,1,sad
3742,1036,288,3,sad
3743,1036,266,3,happy
3744,1036,258,3,lazy
3745,1036,759,3,happy
3746,1036,698,3,happy
3747,1036,679,2,sad
3748,1036,742,2,sad
3749,1036,258,1,sad
3750,1036,759,1,sad
3751,1036,251,5,sad
3752,1036,746,3,lazy
3753,1036,678,5,lazy
3754,1036,760,2,lazy
3755,1036,276,2,happy
3756,1036,746,4,happy
3757,1036,685,3,happy
3758,1036,288,4,active
3759,1036,680,3,happy
3760,1036,678,5,happy
3761,1036,261,4,sad
3762,1036,685,2,happy
3763,1036,297,2,active
3764,1036,745,1,lazy
3765,1036,271,2,sad
3766,1036,251,4,happy
3767,1036,680,2,happy
3768,1036,688,2,sad
3769,1036,691,2,active
3770,1036,749,3,happy
3771,1036,284,4,happy
3772,1036,258,1,active
3773,1036,688,3,sad
3774,1036,297,2,lazy
3775,1036,271,2,active
3776,1036,691,1,happy
3777,1036,266,1,happy
3778,1036,693,2,happy
3779,1036,732,2,happy
3780,1036,678,5,sad
3781,1036,284,2,active
3782,1036,680,1,sad
3783,1036,278,1,active
3784,1036,297,3,sad
3785,1036,759,2,sad
3786,1036,284,3,active
3787,1036,251,4,sad
3788,1036,258,2,lazy
3789,1036,698,2,happy
3790,1036,746,4,active
3791,1036,732,2,active
3792,1036,288,4,lazy
3793,1036,680,2,sad
3794,1036,678,5,active
3795,1036,760,3,active
3796,1036,749,3,active
3797,1036,266,3,sad
3798,1036,688,4,lazy
3799,1036,745,1,sad
3800,1036,271,3,sad
3801,1036,742,5,lazy
3802,1036,276,5,happy
3803,1036,691,1,happy
3804,1036,693,2,sad
3805,1036,261,4,sad
3806,1036,685,3,lazy
3807,1036,679,5,happy
3808,1037,295,2,active
3809,1037,743,2,sad
3810,1037,270,1,active
3811,1037,270,1,lazy
3812,1037,254,1,lazy
3813,1037,254,1,sad
3814,1037,743,2,lazy
3815,1037,254,1,active
3816,1037,743,1,lazy
3817,1037,680,1,lazy
3818,1037,295,3,happy
3819,1037,295,4,lazy
3820,1037,270,1,sad
3821,1037,680,2,lazy
3822,1037,680,1,sad
3823,1037,680,1,active
3824,1037,270,1,active
3825,1037,254,1,lazy
3826,1037,743,1,active
3827,1037,295,3,sad
3828,1038,252,1,active
3829,1038,729,1,active
3830,1038,722,4,sad
3831,1038,684,3,sad
3832,1038,252,5,lazy
3833,1038,729,1,happy
3834,1038,252,1,active
3835,1038,722,2,lazy
3836,1038,729,1,sad
3837,1038,684,4,active
3838,1038,722,1,happy
3839,1038,692,3,happy
3840,1038,684,5,lazy
3841,1038,692,1,sad
3842,1038,692,5,sad
3843,1038,729,1,lazy
3844,1038,692,2,lazy
3845,1038,684,5,lazy
3846,1038,252,4,sad
3847,1038,722,3,happy
3848,1039,677,5,sad
3849,1039,288,5,lazy
3850,1039,746,5,lazy
3851,1039,254,1,active
3852,1039,253,5,lazy
3853,1039,730,1,happy
3854,1039,677,5,sad
3855,1039,749,5,lazy
3856,1039,720,5,active
3857,1039,685,5,lazy
3858,1039,678,5,active
3859,1039,253,1,active
3860,1039,256,1,happy
3861,1039,265,5,sad
3862,1039,721,3,sad
3863,1039,677,5,sad
3864,1039,720,1,active
3865,1039,678,5,sad
3866,1039,265,5,active
3867,1039,256,1,happy
3868,1039,749,5,lazy
3869,1039,717,3,lazy
3870,1039,730,1,happy
3871,1039,749,5,active
3872,1039,685,5,sad
3873,1039,253,5,happy
3874,1039,256,3,sad
3875,1039,284,3,happy
3876,1039,254,4,sad
3877,1039,265,5,active
3878,1039,254,4,sad
3879,1039,685,3,sad
3880,1039,746,5,lazy
3881,1039,710,3,lazy
3882,1039,284,4,active
3883,1039,288,1,active
3884,1039,721,1,active
3885,1039,717,5,active
3886,1039,721,3,lazy
3887,1039,710,3,sad
3888,1039,284,2,active
3889,1039,717,5,happy
3890,1039,288,1,lazy
3891,1039,746,3,active
3892,1039,678,5,sad
3893,1039,720,1,lazy
3894,1039,710,5,active
3895,1039,730,3,happy
3896,1039,685,5,happy
3897,1039,746,5,lazy
3898,1039,717,5,lazy
3899,1039,254,5,sad
3900,1039,720,5,lazy
3901,1039,749,5,active
3902,1039,721,5,sad
3903,1039,256,5,sad
3904,1039,678,5,active
3905,1039,677,5,happy
3906,1039,730,2,happy
3907,1039,284,5,active
3908,1039,253,5,sad
3909,1039,288,5,happy
3910,1039,265,5,happy
3911,1039,710,5,sad
3912,1040,754,4,happy
3913,1040,754,1,sad
3914,1040,719,1,happy
3915,1040,678,1,active
3916,1040,699,4,active
3917,1040,255,1,lazy
3918,1040,255,4,active
3919,1040,719,4,happy
3920,1040,751,3,happy
3921,1040,719,1,happy
3922,1040,723,3,happy
3923,1040,753,4,sad
3924,1040,751,3,happy
3925,1040,258,1,happy
3926,1040,699,4,happy
3927,1040,678,2,lazy
3928,1040,700,3,happy
3929,1040,723,1,active
3930,1040,255,1,sad
3931,1040,753,1,sad
3932,1040,699,1,lazy
3933,1040,700,1,lazy
3934,1040,754,1,lazy
3935,1040,700,4,happy
3936,1040,753,2,lazy
3937,1040,258,3,happy
3938,1040,258,1,sad
3939,1040,723,1,active
3940,1040,751,4,active
3941,1040,678,4,active
3942,1040,258,1,active
3943,1040,719,3,lazy
3944,1040,753,3,happy
3945,1040,751,3,lazy
3946,1040,700,3,lazy
3947,1040,754,2,lazy
3948,1040,678,3,lazy
3949,1040,255,1,happy
3950,1040,699,4,happy
3951,1040,723,2,active
3952,1041,285,1,happy
3953,1041,685,2,happy
3954,1041,725,1,active
3955,1041,278,1,happy
3956,1041,725,1,happy
3957,1041,278,1,lazy
3958,1041,285,2,active
3959,1041,725,1,lazy
3960,1041,278,1,sad
3961,1041,734,1,happy
3962,1041,685,3,happy
3963,1041,685,1,sad
3964,1041,734,1,lazy
3965,1041,285,1,lazy
3966,1041,734,1,happy
3967,1041,285,2,sad
3968,1041,278,1,sad
3969,1041,734,1,lazy
3970,1041,725,1,happy
3971,1041,685,3,lazy
3972,1042,723,1,lazy
3973,1042,682,1,lazy
3974,1042,723,1,lazy
3975,1042,286,1,happy
3976,1042,743,1,lazy
3977,1042,733,1,lazy
3978,1042,691,1,happy
3979,1042,257,1,active
3980,1042,753,1,active
3981,1042,691,1,happy
3982,1042,257,1,active
3983,1042,286,1,lazy
3984,1042,743,1,happy
3985,1042,753,1,happy
3986,1042,716,1,active
3987,1042,733,1,lazy
3988,1042,709,1,lazy
3989,1042,257,1,lazy
3990,1042,733,1,active
3991,1042,743,1,active
3992,1042,682,1,active
3993,1042,709,1,active
3994,1042,682,1,happy
3995,1042,716,1,happy
3996,1042,753,1,active
3997,1042,709,1,lazy
3998,1042,286,1,sad
3999,1042,691,1,happy
4000,1042,716,1,happy
4001,1042,723,1,active
4002,1042,286,1,active
4003,1042,753,1,lazy
4004,1042,257,1,happy
4005,1042,709,1,happy
4006,1042,743,1,active
4007,1042,716,1,lazy
4008,1042,733,1,happy
4009,1042,682,1,active
4010,1042,691,1,lazy
4011,1042,723,1,lazy
